Timestamp,Y
14-Jun-2021 18:36:08.000,-0.88591836
14-Jun-2021 18:36:09.000,1.01769281818182
14-Jun-2021 18:36:10.000,0.66903867827159
14-Jun-2021 18:36:11.000,1.47091834653465
14-Jun-2021 18:36:12.000,1.48708769306931
14-Jun-2021 18:36:13.000,2.02225856
14-Jun-2021 18:36:14.000,2.17392925
14-Jun-2021 18:36:15.000,1.7736977
14-Jun-2021 18:36:16.000,1.70067456435644
14-Jun-2021 18:36:17.000,1.13213172277228
14-Jun-2021 18:36:18.000,0.975604821782178
14-Jun-2021 18:36:19.000,0.636138564356436
14-Jun-2021 18:36:20.000,1.16340166336634
14-Jun-2021 18:36:21.000,-0.74649128
14-Jun-2021 18:36:22.000,0.13160894
14-Jun-2021 18:36:23.000,1.71359456
14-Jun-2021 18:36:24.000,3.39764185
14-Jun-2021 18:36:25.000,3.86002922772277
14-Jun-2021 18:36:26.000,2.35957135643564
14-Jun-2021 18:36:27.000,2.71737466336634
14-Jun-2021 18:36:28.000,2.99860888118812
14-Jun-2021 18:36:29.000,2.87885476237624
14-Jun-2021 18:36:30.000,2.70491999295895
14-Jun-2021 18:36:31.000,1.54811308910891
14-Jun-2021 18:36:32.000,2.1687325
14-Jun-2021 18:36:33.000,1.83278679207921
14-Jun-2021 18:36:34.000,1.52614942574257
14-Jun-2021 18:36:35.000,1.77945504950495
14-Jun-2021 18:36:36.000,1.30089397029703
14-Jun-2021 18:36:37.000,1.69151827722772
14-Jun-2021 18:36:38.000,2.24651074257426
14-Jun-2021 18:36:39.000,1.1715732970297
14-Jun-2021 18:36:40.000,1.53421766336634
14-Jun-2021 18:36:41.000,1.3696893
14-Jun-2021 18:36:42.000,1.64052872
14-Jun-2021 18:36:43.000,2.11938433
14-Jun-2021 18:36:44.000,1.85835420792079
14-Jun-2021 18:36:45.000,1.96508226732673
14-Jun-2021 18:36:46.000,3.29899
14-Jun-2021 18:36:47.000,2.81021195049505
14-Jun-2021 18:36:48.000,1.8516915
14-Jun-2021 18:36:49.000,1.33184473
14-Jun-2021 18:36:50.000,1.8194362
14-Jun-2021 18:36:51.000,1.41269079207921
14-Jun-2021 18:36:52.000,1.98918791089109
14-Jun-2021 18:36:53.000,1.67777769306931
14-Jun-2021 18:36:54.000,1.33936408910891
14-Jun-2021 18:36:55.000,0.545742891089109
14-Jun-2021 18:36:56.000,-0.481918772277228
14-Jun-2021 18:36:57.000,1.01198852
14-Jun-2021 18:36:58.000,1.9234326
14-Jun-2021 18:36:59.000,2.27498736
14-Jun-2021 18:37:00.000,2.33156940594059
14-Jun-2021 18:37:01.000,1.75761631683168
14-Jun-2021 18:37:02.000,2.01830044554455
14-Jun-2021 18:37:03.000,1.608196
14-Jun-2021 18:37:04.000,1.57010608
14-Jun-2021 18:37:05.000,2.41221564
14-Jun-2021 18:37:06.000,1.40939968316832
14-Jun-2021 18:37:07.000,2.34971851485149
14-Jun-2021 18:37:08.000,1.07125402970297
14-Jun-2021 18:37:09.000,1.70670144554455
14-Jun-2021 18:37:10.000,1.55790825742574
14-Jun-2021 18:37:11.000,1.60083000990099
14-Jun-2021 18:37:12.000,0.30343684
14-Jun-2021 18:37:13.000,1.67156659
14-Jun-2021 18:37:14.000,1.88355810891089
14-Jun-2021 18:37:15.000,2.69868430693069
14-Jun-2021 18:37:16.000,1.91391577227723
14-Jun-2021 18:37:17.000,2.67673836633663
14-Jun-2021 18:37:18.000,0.83893938
14-Jun-2021 18:37:19.000,1.59307735
14-Jun-2021 18:37:20.000,2.146117
14-Jun-2021 18:37:21.000,1.27953932673267
14-Jun-2021 18:37:22.000,2.8656690990099
14-Jun-2021 18:37:23.000,1.59355947524752
14-Jun-2021 18:37:24.000,1.57041538613861
14-Jun-2021 18:37:25.000,1.25278512871287
14-Jun-2021 18:37:26.000,1.43110240594059
14-Jun-2021 18:37:27.000,2.22853493069307
14-Jun-2021 18:37:28.000,1.87270775
14-Jun-2021 18:37:29.000,1.20295032673267
14-Jun-2021 18:37:30.000,1.4478983714341
14-Jun-2021 18:37:31.000,1.70456728712871
14-Jun-2021 18:37:32.000,1.60262335643564
14-Jun-2021 18:37:33.000,1.25254346534653
14-Jun-2021 18:37:34.000,1.63784801
14-Jun-2021 18:37:35.000,1.98838162
14-Jun-2021 18:37:36.000,1.55937361
14-Jun-2021 18:37:37.000,1.5369268019802
14-Jun-2021 18:37:38.000,1.81245438613861
14-Jun-2021 18:37:39.000,1.77736508910891
14-Jun-2021 18:37:40.000,1.60879959405941
14-Jun-2021 18:37:41.000,1.67195011881188
14-Jun-2021 18:37:42.000,0.985367851485148
14-Jun-2021 18:37:43.000,0.614937683168317
14-Jun-2021 18:37:44.000,1.43018998019802
14-Jun-2021 18:37:45.000,0.690748069306931
14-Jun-2021 18:37:46.000,1.1382090990099
14-Jun-2021 18:37:47.000,1.00072867326733
14-Jun-2021 18:37:48.000,1.19615966
14-Jun-2021 18:37:49.000,0.4924383
14-Jun-2021 18:37:50.000,0.23007756
14-Jun-2021 18:37:51.000,0.136123148514851
14-Jun-2021 18:37:52.000,0.20529297029703
14-Jun-2021 18:37:53.000,0.10604496039604
14-Jun-2021 18:37:54.000,0.0395042277227723
14-Jun-2021 18:37:55.000,0.100918455445545
14-Jun-2021 18:37:56.000,0.725302
14-Jun-2021 18:37:57.000,0.57015997029703
14-Jun-2021 18:37:58.000,0.564336900990099
14-Jun-2021 18:37:59.000,1.66090473267327
14-Jun-2021 18:38:00.000,1.56699608910891
14-Jun-2021 18:38:01.000,1.71674752475248
14-Jun-2021 18:38:02.000,1.7083746
14-Jun-2021 18:38:03.000,1.65188088
14-Jun-2021 18:38:04.000,1.5811812970297
14-Jun-2021 18:38:05.000,1.52014818811881
14-Jun-2021 18:38:06.000,1.44226272731009
14-Jun-2021 18:38:07.000,1.37173679207921
14-Jun-2021 18:38:08.000,1.36124389108911
14-Jun-2021 18:38:09.000,1.36193913861386
14-Jun-2021 18:38:10.000,1.47502412
14-Jun-2021 18:38:11.000,1.56828602970297
14-Jun-2021 18:38:12.000,1.57646218811881
14-Jun-2021 18:38:13.000,1.66379340594059
14-Jun-2021 18:38:14.000,1.79684594059406
14-Jun-2021 18:38:15.000,1.81274371287129
14-Jun-2021 18:38:16.000,1.7783978
14-Jun-2021 18:38:17.000,1.60090865
14-Jun-2021 18:38:18.000,1.43622746534653
14-Jun-2021 18:38:19.000,1.39158913861386
14-Jun-2021 18:38:20.000,1.38135394059406
14-Jun-2021 18:38:21.000,1.38733616831683
14-Jun-2021 18:38:22.000,1.56139445544554
14-Jun-2021 18:38:23.000,1.65095556
14-Jun-2021 18:38:24.000,1.75053035033848
14-Jun-2021 18:38:25.000,1.790127
14-Jun-2021 18:38:26.000,1.79344888118812
14-Jun-2021 18:38:27.000,1.76701474257426
14-Jun-2021 18:38:28.000,1.64275638613861
14-Jun-2021 18:38:29.000,1.4344786
14-Jun-2021 18:38:30.000,1.37257805
14-Jun-2021 18:38:31.000,1.45268748514851
14-Jun-2021 18:38:32.000,1.51958500990099
14-Jun-2021 18:38:33.000,1.67368593069307
14-Jun-2021 18:38:34.000,1.75392647524752
14-Jun-2021 18:38:35.000,1.80764843564356
14-Jun-2021 18:38:36.000,1.71394198
14-Jun-2021 18:38:37.000,1.73278185
14-Jun-2021 18:38:38.000,1.55125282178218
14-Jun-2021 18:38:39.000,1.46501986138614
14-Jun-2021 18:38:40.000,1.36697218811881
14-Jun-2021 18:38:41.000,1.40435892079208
14-Jun-2021 18:38:42.000,1.6287332
14-Jun-2021 18:38:43.000,1.79880505
14-Jun-2021 18:38:44.000,1.77228157006104
14-Jun-2021 18:38:45.000,1.59834361386139
14-Jun-2021 18:38:46.000,1.4452121980198
14-Jun-2021 18:38:47.000,1.43411434653465
14-Jun-2021 18:38:48.000,1.37109981188119
14-Jun-2021 18:38:49.000,1.366523
14-Jun-2021 18:38:50.000,1.55176878
14-Jun-2021 18:38:51.000,1.7053427029703
14-Jun-2021 18:38:52.000,1.55097413861386
14-Jun-2021 18:38:53.000,3.74913324752475
14-Jun-2021 18:38:54.000,3.2554307
14-Jun-2021 18:38:55.000,1.79202536
14-Jun-2021 18:38:56.000,2.65336435643564
14-Jun-2021 18:38:57.000,3.01511437623762
14-Jun-2021 18:38:58.000,2.18693857425743
14-Jun-2021 18:38:59.000,1.89570802970297
14-Jun-2021 18:39:00.000,1.57740500990099
14-Jun-2021 18:39:01.000,1.8173826039604
14-Jun-2021 18:39:02.000,2.04288596
14-Jun-2021 18:39:03.000,1.51879893
14-Jun-2021 18:39:04.000,2.32763013861386
14-Jun-2021 18:39:05.000,2.39147737623762
14-Jun-2021 18:39:06.000,1.76731527722772
14-Jun-2021 18:39:07.000,1.9796811980198
14-Jun-2021 18:39:08.000,2.31782196
14-Jun-2021 18:39:09.000,2.05536128712871
14-Jun-2021 18:39:10.000,2.18908368316832
14-Jun-2021 18:39:11.000,2.36281852475248
14-Jun-2021 18:39:12.000,2.13500716831683
14-Jun-2021 18:39:13.000,2.1007226039604
14-Jun-2021 18:39:14.000,2.1547529009901
14-Jun-2021 18:39:15.000,2.40239644
14-Jun-2021 18:39:16.000,2.18042434
14-Jun-2021 18:39:17.000,1.8246892970297
14-Jun-2021 18:39:18.000,1.50191874257426
14-Jun-2021 18:39:19.000,1.63283305940594
14-Jun-2021 18:39:20.000,1.86974791043935
14-Jun-2021 18:39:21.000,2.32503169306931
14-Jun-2021 18:39:22.000,2.00421037
14-Jun-2021 18:39:23.000,1.65426600990099
14-Jun-2021 18:39:24.000,1.54903536633663
14-Jun-2021 18:39:25.000,2.04595761386139
14-Jun-2021 18:39:26.000,1.98581515841584
14-Jun-2021 18:39:27.000,1.7485170990099
14-Jun-2021 18:39:28.000,1.75290701980198
14-Jun-2021 18:39:29.000,1.45267219
14-Jun-2021 18:39:30.000,1.773572
14-Jun-2021 18:39:31.000,1.30694979207921
14-Jun-2021 18:39:32.000,1.19542708910891
14-Jun-2021 18:39:33.000,1.51815078217822
14-Jun-2021 18:39:34.000,1.44916428712871
14-Jun-2021 18:39:35.000,1.37647855445545
14-Jun-2021 18:39:36.000,1.46254227722772
14-Jun-2021 18:39:37.000,1.80930951485149
14-Jun-2021 18:39:38.000,1.61591286698253
14-Jun-2021 18:39:39.000,1.10720710891089
14-Jun-2021 18:39:40.000,1.46337210891089
14-Jun-2021 18:39:41.000,1.0903929
14-Jun-2021 18:39:42.000,0.74579415
14-Jun-2021 18:39:43.000,1.37443004
14-Jun-2021 18:39:44.000,1.32467973267327
14-Jun-2021 18:39:45.000,1.02636063366337
14-Jun-2021 18:39:46.000,1.07598035643564
14-Jun-2021 18:39:47.000,1.29538527722772
14-Jun-2021 18:39:48.000,1.51325510891089
14-Jun-2021 18:39:49.000,1.14652555
14-Jun-2021 18:39:50.000,0.991993455445545
14-Jun-2021 18:39:51.000,0.607304455445545
14-Jun-2021 18:39:52.000,0.513149059405941
14-Jun-2021 18:39:53.000,-0.0651786732673267
14-Jun-2021 18:39:54.000,0.7104076
14-Jun-2021 18:39:55.000,1.19637779
14-Jun-2021 18:39:56.000,1.89776282292485
14-Jun-2021 18:39:57.000,1.78148077227723
14-Jun-2021 18:39:58.000,1.6688616039604
14-Jun-2021 18:39:59.000,1.98258543564356
14-Jun-2021 18:40:00.000,1.698318
14-Jun-2021 18:40:01.000,1.445364
14-Jun-2021 18:40:02.000,2.27872311
14-Jun-2021 18:40:03.000,2.35999248514851
14-Jun-2021 18:40:04.000,2.52978250495049
14-Jun-2021 18:40:05.000,3.24218393069307
14-Jun-2021 18:40:06.000,2.47467020792079
14-Jun-2021 18:40:07.000,2.40570722
14-Jun-2021 18:40:08.000,2.84384337
14-Jun-2021 18:40:09.000,2.60901397029703
14-Jun-2021 18:40:10.000,1.75776608910891
14-Jun-2021 18:40:11.000,1.40199937623762
14-Jun-2021 18:40:12.000,1.7985201980198
14-Jun-2021 18:40:13.000,1.35718324752475
14-Jun-2021 18:40:14.000,1.8880714
14-Jun-2021 18:40:15.000,1.55538893
14-Jun-2021 18:40:16.000,1.77424088118812
14-Jun-2021 18:40:17.000,1.72905122772277
14-Jun-2021 18:40:18.000,1.04842
14-Jun-2021 18:40:19.000,1.70155939
14-Jun-2021 18:40:20.000,1.60020554
14-Jun-2021 18:40:21.000,1.56561497029703
14-Jun-2021 18:40:22.000,1.99282059405941
14-Jun-2021 18:40:23.000,1.45441861386139
14-Jun-2021 18:40:24.000,1.8837552970297
14-Jun-2021 18:40:25.000,1.47631595049505
14-Jun-2021 18:40:26.000,1.61106794
14-Jun-2021 18:40:27.000,1.53536456435644
14-Jun-2021 18:40:28.000,1.50340838613861
14-Jun-2021 18:40:29.000,1.61571317821782
14-Jun-2021 18:40:30.000,2.02822722772277
14-Jun-2021 18:40:31.000,1.79764177227723
14-Jun-2021 18:40:32.000,1.568139
14-Jun-2021 18:40:33.000,1.37205415841584
14-Jun-2021 18:40:34.000,1.41451242574257
14-Jun-2021 18:40:35.000,1.78782828712871
14-Jun-2021 18:40:36.000,1.76512948
14-Jun-2021 18:40:37.000,2.0754115
14-Jun-2021 18:40:38.000,1.91388445544554
14-Jun-2021 18:40:39.000,1.74182683168317
14-Jun-2021 18:40:40.000,1.6200664950495
14-Jun-2021 18:40:41.000,1.73859444554455
14-Jun-2021 18:40:42.000,1.83123240594059
14-Jun-2021 18:40:43.000,1.29769374
14-Jun-2021 18:40:44.000,0.78963835
14-Jun-2021 18:40:45.000,1.38077921782178
14-Jun-2021 18:40:46.000,1.7845104950495
14-Jun-2021 18:40:47.000,1.61054389108911
14-Jun-2021 18:40:48.000,1.68435026
14-Jun-2021 18:40:49.000,1.9660418
14-Jun-2021 18:40:50.000,1.62652415916843
14-Jun-2021 18:40:51.000,1.36919644554455
14-Jun-2021 18:40:52.000,1.60688773267327
14-Jun-2021 18:40:53.000,1.64457665346535
14-Jun-2021 18:40:54.000,1.95780096039604
14-Jun-2021 18:40:55.000,1.50284037
14-Jun-2021 18:40:56.000,1.5253433
14-Jun-2021 18:40:57.000,1.77873626732673
14-Jun-2021 18:40:58.000,2.22986571287129
14-Jun-2021 18:40:59.000,1.66201032673267
14-Jun-2021 18:41:00.000,1.65660391089109
14-Jun-2021 18:41:01.000,2.00773025
14-Jun-2021 18:41:02.000,1.85783521782178
14-Jun-2021 18:41:03.000,1.83334182178218
14-Jun-2021 18:41:04.000,1.74565927722772
14-Jun-2021 18:41:05.000,1.76695689108911
14-Jun-2021 18:41:06.000,1.50192757425743
14-Jun-2021 18:41:07.000,1.42162388
14-Jun-2021 18:41:08.000,2.03037785
14-Jun-2021 18:41:09.000,1.55557403960396
14-Jun-2021 18:41:10.000,1.6437823960396
14-Jun-2021 18:41:11.000,1.40006261386139
14-Jun-2021 18:41:12.000,2.04607175247525
14-Jun-2021 18:41:13.000,1.87470283
14-Jun-2021 18:41:14.000,1.35972428
14-Jun-2021 18:41:15.000,1.8378178019802
14-Jun-2021 18:41:16.000,1.69950478217822
14-Jun-2021 18:41:17.000,1.42355164356436
14-Jun-2021 18:41:18.000,1.44142436
14-Jun-2021 18:41:19.000,1.37075066
14-Jun-2021 18:41:20.000,1.43374067326733
14-Jun-2021 18:41:21.000,1.92223568316832
14-Jun-2021 18:41:22.000,1.59948657425743
14-Jun-2021 18:41:23.000,1.53868162376238
14-Jun-2021 18:41:24.000,0.475662049504951
14-Jun-2021 18:41:25.000,0.77149524
14-Jun-2021 18:41:26.000,0.510121178217822
14-Jun-2021 18:41:27.000,1.01523514851485
14-Jun-2021 18:41:28.000,1.50522268316832
14-Jun-2021 18:41:29.000,1.1973902
14-Jun-2021 18:41:30.000,1.30796503960396
14-Jun-2021 18:41:31.000,1.26419210891089
14-Jun-2021 18:41:32.000,1.46042986138614
14-Jun-2021 18:41:33.000,0.73035504950495
14-Jun-2021 18:41:34.000,0.450933415841584
14-Jun-2021 18:41:35.000,1.26611486
14-Jun-2021 18:41:36.000,1.39791908
14-Jun-2021 18:41:37.000,2.00610447524752
14-Jun-2021 18:41:38.000,2.42361032673267
14-Jun-2021 18:41:39.000,2.47883808910891
14-Jun-2021 18:41:40.000,2.58201611881188
14-Jun-2021 18:41:41.000,2.0975428
14-Jun-2021 18:41:42.000,1.4321831
14-Jun-2021 18:41:43.000,1.55546445544554
14-Jun-2021 18:41:44.000,1.90174136633663
14-Jun-2021 18:41:45.000,1.76253301980198
14-Jun-2021 18:41:46.000,2.26976725
14-Jun-2021 18:41:47.000,2.19353553465347
14-Jun-2021 18:41:48.000,2.09929223762376
14-Jun-2021 18:41:49.000,2.36802818811881
14-Jun-2021 18:41:50.000,2.15054656435644
14-Jun-2021 18:41:51.000,2.00155312871287
14-Jun-2021 18:41:52.000,2.25294136
14-Jun-2021 18:41:53.000,2.015409
14-Jun-2021 18:41:54.000,2.1603818019802
14-Jun-2021 18:41:55.000,1.40391887128713
14-Jun-2021 18:41:56.000,2.05638553465347
14-Jun-2021 18:41:57.000,1.83074438
14-Jun-2021 18:41:58.000,1.9904411
14-Jun-2021 18:41:59.000,1.7000592970297
14-Jun-2021 18:42:00.000,1.57054426732673
14-Jun-2021 18:42:01.000,1.73249872277228
14-Jun-2021 18:42:02.000,1.83911844554455
14-Jun-2021 18:42:03.000,1.45484234
14-Jun-2021 18:42:04.000,1.94176212
14-Jun-2021 18:42:05.000,1.69136656435644
14-Jun-2021 18:42:06.000,1.8293532970297
14-Jun-2021 18:42:07.000,1.52068325742574
14-Jun-2021 18:42:08.000,1.61650600990099
14-Jun-2021 18:42:09.000,1.93377155
14-Jun-2021 18:42:10.000,1.60728576
14-Jun-2021 18:42:11.000,1.70329579207921
14-Jun-2021 18:42:12.000,1.68076259405941
14-Jun-2021 18:42:13.000,1.59133613861386
14-Jun-2021 18:42:14.000,1.63291816
14-Jun-2021 18:42:15.000,1.79844458415842
14-Jun-2021 18:42:16.000,1.85245580558168
14-Jun-2021 18:42:17.000,1.26873173267327
14-Jun-2021 18:42:18.000,1.80671317821782
14-Jun-2021 18:42:19.000,1.9398458
14-Jun-2021 18:42:20.000,1.36909649
14-Jun-2021 18:42:21.000,1.61983372277228
14-Jun-2021 18:42:22.000,2.1115074950495
14-Jun-2021 18:42:23.000,1.73641716831683
14-Jun-2021 18:42:24.000,1.46475764356436
14-Jun-2021 18:42:25.000,1.37855867326733
14-Jun-2021 18:42:26.000,1.64484888118812
14-Jun-2021 18:42:27.000,1.11840613861386
14-Jun-2021 18:42:28.000,0.990298871287129
14-Jun-2021 18:42:29.000,1.24008873
14-Jun-2021 18:42:30.000,1.0389383
14-Jun-2021 18:42:31.000,1.31923459405941
14-Jun-2021 18:42:32.000,1.25088012871287
14-Jun-2021 18:42:33.000,1.09481745544554
14-Jun-2021 18:42:34.000,1.07187773267327
14-Jun-2021 18:42:35.000,1.06442768
14-Jun-2021 18:42:36.000,1.02137716
14-Jun-2021 18:42:37.000,1.55223097029703
14-Jun-2021 18:42:38.000,0.452669247524752
14-Jun-2021 18:42:39.000,1.18780543564356
14-Jun-2021 18:42:40.000,1.31684642
14-Jun-2021 18:42:41.000,1.37786825742574
14-Jun-2021 18:42:42.000,0.84040900990099
14-Jun-2021 18:42:43.000,1.05973225742574
14-Jun-2021 18:42:44.000,1.03617069306931
14-Jun-2021 18:42:45.000,0.74485825
14-Jun-2021 18:42:46.000,0.45011984
14-Jun-2021 18:42:47.000,1.21631412871287
14-Jun-2021 18:42:48.000,1.39214356435644
14-Jun-2021 18:42:49.000,2.47318402970297
14-Jun-2021 18:42:50.000,2.53390112518765
14-Jun-2021 18:42:51.000,2.74343504
14-Jun-2021 18:42:52.000,2.92745525
14-Jun-2021 18:42:53.000,3.17236620792079
14-Jun-2021 18:42:54.000,3.17095207920792
14-Jun-2021 18:42:55.000,3.14461292
14-Jun-2021 18:42:56.000,1.54680149504951
14-Jun-2021 18:42:57.000,2.10474640594059
14-Jun-2021 18:42:58.000,2.08622827722772
14-Jun-2021 18:42:59.000,2.09022797029703
14-Jun-2021 18:43:00.000,2.03698236
14-Jun-2021 18:43:01.000,1.89262211
14-Jun-2021 18:43:02.000,1.90894340594059
14-Jun-2021 18:43:03.000,1.87262369306931
14-Jun-2021 18:43:04.000,1.82942031683168
14-Jun-2021 18:43:05.000,1.58762884
14-Jun-2021 18:43:06.000,1.895905
14-Jun-2021 18:43:07.000,1.70442947524752
14-Jun-2021 18:43:08.000,1.78247863366337
14-Jun-2021 18:43:09.000,2.04098784
14-Jun-2021 18:43:10.000,1.41599839
14-Jun-2021 18:43:11.000,1.71803249504951
14-Jun-2021 18:43:12.000,1.58000453465347
14-Jun-2021 18:43:13.000,1.63194044554455
14-Jun-2021 18:43:14.000,1.29844188
14-Jun-2021 18:43:15.000,1.19597079
14-Jun-2021 18:43:16.000,0.766627316831683
14-Jun-2021 18:43:17.000,1.014617
14-Jun-2021 18:43:18.000,1.3698343960396
14-Jun-2021 18:43:19.000,1.50838932
14-Jun-2021 18:43:20.000,1.34464635
14-Jun-2021 18:43:21.000,1.74692549504951
14-Jun-2021 18:43:22.000,1.6018559009901
14-Jun-2021 18:43:23.000,1.8650972
14-Jun-2021 18:43:24.000,1.94783289108911
14-Jun-2021 18:43:25.000,2.19313082178218
14-Jun-2021 18:43:26.000,2.01633530693069
14-Jun-2021 18:43:27.000,2.00600415841584
14-Jun-2021 18:43:28.000,1.6876504
14-Jun-2021 18:43:29.000,1.76022973267327
14-Jun-2021 18:43:30.000,2.09540477227723
14-Jun-2021 18:43:31.000,2.01338254455446
14-Jun-2021 18:43:32.000,1.67529283168317
14-Jun-2021 18:43:33.000,1.89577784
14-Jun-2021 18:43:34.000,1.33466872751422
14-Jun-2021 18:43:35.000,2.19188125742574
14-Jun-2021 18:43:36.000,1.7737947591603
14-Jun-2021 18:43:37.000,1.01066796
14-Jun-2021 18:43:38.000,0.703485356435644
14-Jun-2021 18:43:39.000,1.25650031683168
14-Jun-2021 18:43:40.000,0.409031287128713
14-Jun-2021 18:43:41.000,0.95534325
14-Jun-2021 18:43:42.000,1.02968516
14-Jun-2021 18:43:43.000,0.953486396039604
14-Jun-2021 18:43:44.000,0.946607772277228
14-Jun-2021 18:43:45.000,0.873360722772277
14-Jun-2021 18:43:46.000,0.77424382
14-Jun-2021 18:43:47.000,-0.06976056
14-Jun-2021 18:43:48.000,1.03028094059406
14-Jun-2021 18:43:49.000,1.12635230693069
14-Jun-2021 18:43:50.000,0.99664244
14-Jun-2021 18:43:51.000,0.787302287128713
14-Jun-2021 18:43:52.000,1.36588876237624
14-Jun-2021 18:43:53.000,2.24688665346535
14-Jun-2021 18:43:54.000,2.04230813861386
14-Jun-2021 18:43:55.000,2.1890408
14-Jun-2021 18:43:56.000,1.9241904950495
14-Jun-2021 18:43:57.000,2.06280142574257
14-Jun-2021 18:43:58.000,1.40141243564356
14-Jun-2021 18:43:59.000,2.07043843564356
14-Jun-2021 18:44:00.000,1.55684638
14-Jun-2021 18:44:01.000,1.6214338
14-Jun-2021 18:44:02.000,1.07706218811881
14-Jun-2021 18:44:03.000,2.71201005940594
14-Jun-2021 18:44:04.000,3.46453312
14-Jun-2021 18:44:05.000,2.67062124752475
14-Jun-2021 18:44:06.000,2.5593109146383
14-Jun-2021 18:44:07.000,2.55584030693069
14-Jun-2021 18:44:08.000,2.28058189108911
14-Jun-2021 18:44:09.000,1.52936195
14-Jun-2021 18:44:10.000,1.27537188
14-Jun-2021 18:44:11.000,1.2559193960396
14-Jun-2021 18:44:12.000,2.03255678217822
14-Jun-2021 18:44:13.000,1.85503575247525
14-Jun-2021 18:44:14.000,1.58201498
14-Jun-2021 18:44:15.000,1.69915892
14-Jun-2021 18:44:16.000,1.75568395049505
14-Jun-2021 18:44:17.000,1.46307268316832
14-Jun-2021 18:44:18.000,1.35274851
14-Jun-2021 18:44:19.000,1.26232795049505
14-Jun-2021 18:44:20.000,1.02510738979486
14-Jun-2021 18:44:21.000,0.546341564356436
14-Jun-2021 18:44:22.000,0.902167555684199
14-Jun-2021 18:44:23.000,1.15243855
14-Jun-2021 18:44:24.000,1.64310206930693
14-Jun-2021 18:44:25.000,2.28191566336634
14-Jun-2021 18:44:26.000,2.18507116831683
14-Jun-2021 18:44:27.000,2.17263865346535
14-Jun-2021 18:44:28.000,2.15862089
14-Jun-2021 18:44:29.000,1.72234513861386
14-Jun-2021 18:44:30.000,1.69608103960396
14-Jun-2021 18:44:31.000,1.65649402
14-Jun-2021 18:44:32.000,1.53012526
14-Jun-2021 18:44:33.000,1.56034823762376
14-Jun-2021 18:44:34.000,1.69390001980198
14-Jun-2021 18:44:35.000,1.64269872277228
14-Jun-2021 18:44:36.000,1.64125292
14-Jun-2021 18:44:37.000,1.39822742574257
14-Jun-2021 18:44:38.000,1.47019634653465
14-Jun-2021 18:44:39.000,1.23292552475248
14-Jun-2021 18:44:40.000,1.21548904950495
14-Jun-2021 18:44:41.000,1.59149324
14-Jun-2021 18:44:42.000,1.39992445544554
14-Jun-2021 18:44:43.000,1.50008678217822
14-Jun-2021 18:44:44.000,1.24459769306931
14-Jun-2021 18:44:45.000,1.55358336633663
14-Jun-2021 18:44:46.000,1.49639028712871
14-Jun-2021 18:44:47.000,1.44232755445545
14-Jun-2021 18:44:48.000,1.8518048019802
14-Jun-2021 18:44:49.000,1.41078617
14-Jun-2021 18:44:50.000,1.37856305940594
14-Jun-2021 18:44:51.000,1.72911830693069
14-Jun-2021 18:44:52.000,1.50961210891089
14-Jun-2021 18:44:53.000,1.47722641584158
14-Jun-2021 18:44:54.000,1.71195716
14-Jun-2021 18:44:55.000,1.12238369306931
14-Jun-2021 18:44:56.000,1.54445451485148
14-Jun-2021 18:44:57.000,2.40310532673267
14-Jun-2021 18:44:58.000,2.14071440594059
14-Jun-2021 18:44:59.000,1.8501067029703
14-Jun-2021 18:45:00.000,1.40855597029703
14-Jun-2021 18:45:01.000,1.55845418811881
14-Jun-2021 18:45:02.000,1.72414464
14-Jun-2021 18:45:03.000,1.87268054
14-Jun-2021 18:45:04.000,1.18202232673267
14-Jun-2021 18:45:05.000,1.20207599009901
14-Jun-2021 18:45:06.000,1.18777564356436
14-Jun-2021 18:45:07.000,1.3467496
14-Jun-2021 18:45:08.000,1.24962524
14-Jun-2021 18:45:09.000,1.25066530693069
14-Jun-2021 18:45:10.000,1.38263327722772
14-Jun-2021 18:45:11.000,1.4664118019802
14-Jun-2021 18:45:12.000,1.57439145544554
14-Jun-2021 18:45:13.000,0.870257752475248
14-Jun-2021 18:45:14.000,1.27619092079208
14-Jun-2021 18:45:15.000,0.997918089108911
14-Jun-2021 18:45:16.000,1.4184566
14-Jun-2021 18:45:17.000,1.37815387
14-Jun-2021 18:45:18.000,1.14934282178218
14-Jun-2021 18:45:19.000,1.5931207029703
14-Jun-2021 18:45:20.000,1.00481451485149
14-Jun-2021 18:45:21.000,1.57029454275782
14-Jun-2021 18:45:22.000,0.31080449
14-Jun-2021 18:45:23.000,0.999014900990099
14-Jun-2021 18:45:24.000,0.842771188118812
14-Jun-2021 18:45:25.000,0.743453801980198
14-Jun-2021 18:45:26.000,0.70773464
14-Jun-2021 18:45:27.000,1.05730822772277
14-Jun-2021 18:45:28.000,0.99736001980198
14-Jun-2021 18:45:29.000,2.26648692079208
14-Jun-2021 18:45:30.000,2.44502132
14-Jun-2021 18:45:31.000,1.58488753
14-Jun-2021 18:45:32.000,2.28569663366337
14-Jun-2021 18:45:33.000,1.99674089108911
14-Jun-2021 18:45:34.000,2.08202333663366
14-Jun-2021 18:45:35.000,2.3075714
14-Jun-2021 18:45:36.000,2.0248216
14-Jun-2021 18:45:37.000,1.91885543564356
14-Jun-2021 18:45:38.000,2.45459375247525
14-Jun-2021 18:45:39.000,2.00839420792079
14-Jun-2021 18:45:40.000,1.46850422772277
14-Jun-2021 18:45:41.000,1.28386971287129
14-Jun-2021 18:45:42.000,1.78782920792079
14-Jun-2021 18:45:43.000,2.35748444554455
14-Jun-2021 18:45:44.000,1.19440268
14-Jun-2021 18:45:45.000,1.50734876
14-Jun-2021 18:45:46.000,2.04236064356436
14-Jun-2021 18:45:47.000,1.56017573267327
14-Jun-2021 18:45:48.000,1.77327348514851
14-Jun-2021 18:45:49.000,2.1045406039604
14-Jun-2021 18:45:50.000,1.59694221
14-Jun-2021 18:45:51.000,1.86920874257426
14-Jun-2021 18:45:52.000,1.65610284158416
14-Jun-2021 18:45:53.000,1.65024701980198
14-Jun-2021 18:45:54.000,1.37345262632669
14-Jun-2021 18:45:55.000,1.67314672277228
14-Jun-2021 18:45:56.000,1.73214313861386
14-Jun-2021 18:45:57.000,1.70993562376238
14-Jun-2021 18:45:58.000,1.77939452475248
14-Jun-2021 18:45:59.000,1.91401306
14-Jun-2021 18:46:00.000,1.91144764356436
14-Jun-2021 18:46:01.000,1.62327958415842
14-Jun-2021 18:46:02.000,1.70143776237624
14-Jun-2021 18:46:03.000,1.7521199009901
14-Jun-2021 18:46:04.000,1.4479507
14-Jun-2021 18:46:05.000,1.82564365346535
14-Jun-2021 18:46:06.000,2.03899314851485
14-Jun-2021 18:46:07.000,1.74178078217822
14-Jun-2021 18:46:08.000,1.76127308
14-Jun-2021 18:46:09.000,1.70598650495049
14-Jun-2021 18:46:10.000,1.14476444554455
14-Jun-2021 18:46:11.000,2.00417943564356
14-Jun-2021 18:46:12.000,1.29232876
14-Jun-2021 18:46:13.000,1.51233212871287
14-Jun-2021 18:46:14.000,1.08811097029703
14-Jun-2021 18:46:15.000,1.0113325049505
14-Jun-2021 18:46:16.000,1.4268701980198
14-Jun-2021 18:46:17.000,1.1808642
14-Jun-2021 18:46:18.000,1.52108079207921
14-Jun-2021 18:46:19.000,1.00081571287129
14-Jun-2021 18:46:20.000,1.51417558415842
14-Jun-2021 18:46:21.000,1.25190123762376
14-Jun-2021 18:46:22.000,0.8252816
14-Jun-2021 18:46:23.000,1.66913898019802
14-Jun-2021 18:46:24.000,1.57732083168317
14-Jun-2021 18:46:25.000,1.04465542
14-Jun-2021 18:46:26.000,0.50486384
14-Jun-2021 18:46:27.000,0.865580495049505
14-Jun-2021 18:46:28.000,0.752808574257426
14-Jun-2021 18:46:29.000,1.38779974257426
14-Jun-2021 18:46:30.000,1.09978395
14-Jun-2021 18:46:31.000,0.87358803960396
14-Jun-2021 18:46:32.000,0.976093366336634
14-Jun-2021 18:46:33.000,1.25072353465347
14-Jun-2021 18:46:34.000,1.16219623762376
14-Jun-2021 18:46:35.000,1.27686134
14-Jun-2021 18:46:36.000,1.51378857425743
14-Jun-2021 18:46:37.000,1.53630012871287
14-Jun-2021 18:46:38.000,1.64345008910891
14-Jun-2021 18:46:39.000,0.666140331298724
14-Jun-2021 18:46:40.000,-0.96493204950495
14-Jun-2021 18:46:41.000,-0.0384373168316831
14-Jun-2021 18:46:42.000,-0.751333306930693
14-Jun-2021 18:46:43.000,0.134866633663366
14-Jun-2021 18:46:44.000,0.8561324
14-Jun-2021 18:46:45.000,1.7737538019802
14-Jun-2021 18:46:46.000,1.8326403960396
14-Jun-2021 18:46:47.000,2.46836745544554
14-Jun-2021 18:46:48.000,2.71199368316832
14-Jun-2021 18:46:49.000,2.55326036
14-Jun-2021 18:46:50.000,2.77886474257426
14-Jun-2021 18:46:51.000,2.69783104950495
14-Jun-2021 18:46:52.000,2.41196988118812
14-Jun-2021 18:46:53.000,2.13879468
14-Jun-2021 18:46:54.000,1.9589850990099
14-Jun-2021 18:46:55.000,1.91964837623762
14-Jun-2021 18:46:56.000,1.89855110891089
14-Jun-2021 18:46:57.000,1.94793328712871
14-Jun-2021 18:46:58.000,1.82521745
14-Jun-2021 18:46:59.000,1.7232079009901
14-Jun-2021 18:47:00.000,1.71268325742574
14-Jun-2021 18:47:01.000,1.77945624752475
14-Jun-2021 18:47:02.000,1.86453437623762
14-Jun-2021 18:47:03.000,1.4804588
14-Jun-2021 18:47:04.000,1.25217845544554
14-Jun-2021 18:47:05.000,1.69743644554455
14-Jun-2021 18:47:06.000,1.76543795049505
14-Jun-2021 18:47:07.000,1.70195809
14-Jun-2021 18:47:08.000,1.41536032673267
14-Jun-2021 18:47:09.000,2.05861697029703
14-Jun-2021 18:47:10.000,1.83657844554455
14-Jun-2021 18:47:11.000,1.74265399171414
14-Jun-2021 18:47:12.000,1.50229824
14-Jun-2021 18:47:13.000,1.76182573267327
14-Jun-2021 18:47:14.000,1.81858772277228
14-Jun-2021 18:47:15.000,1.27773069306931
14-Jun-2021 18:47:16.000,1.88277756435644
14-Jun-2021 18:47:17.000,1.66316935
14-Jun-2021 18:47:18.000,1.78085569306931
14-Jun-2021 18:47:19.000,1.76955518811881
14-Jun-2021 18:47:20.000,1.57443065346535
14-Jun-2021 18:47:21.000,1.81721049
14-Jun-2021 18:47:22.000,1.7630592970297
14-Jun-2021 18:47:23.000,1.77840885148515
14-Jun-2021 18:47:24.000,1.50500611881188
14-Jun-2021 18:47:25.000,1.7220095246436
14-Jun-2021 18:47:26.000,1.79094641
14-Jun-2021 18:47:27.000,1.18681702970297
14-Jun-2021 18:47:28.000,1.23931137623762
14-Jun-2021 18:47:29.000,1.33892555445545
14-Jun-2021 18:47:30.000,1.50333318
14-Jun-2021 18:47:31.000,1.19181998019802
14-Jun-2021 18:47:32.000,1.4036593960396
14-Jun-2021 18:47:33.000,1.69736964
14-Jun-2021 18:47:34.000,1.6361429
14-Jun-2021 18:47:35.000,1.69979241584158
14-Jun-2021 18:47:36.000,1.45206766336634
14-Jun-2021 18:47:37.000,1.35630473267327
14-Jun-2021 18:47:38.000,1.16090934
14-Jun-2021 18:47:39.000,1.33337769423823
14-Jun-2021 18:47:40.000,1.6586520990099
14-Jun-2021 18:47:41.000,1.59424686432788
14-Jun-2021 18:47:42.000,1.42144995049505
14-Jun-2021 18:47:43.000,1.5955325
14-Jun-2021 18:47:44.000,1.47615193069307
14-Jun-2021 18:47:45.000,1.79998865346535
14-Jun-2021 18:47:46.000,1.47379631683168
14-Jun-2021 18:47:47.000,1.59239568316832
14-Jun-2021 18:47:48.000,1.88516965346535
14-Jun-2021 18:47:49.000,1.42872820792079
14-Jun-2021 18:47:50.000,1.36424669306931
14-Jun-2021 18:47:51.000,1.33783416
14-Jun-2021 18:47:52.000,1.73457696039604
14-Jun-2021 18:47:53.000,1.3208328019802
14-Jun-2021 18:47:54.000,1.37029692079208
14-Jun-2021 18:47:55.000,1.81961483
14-Jun-2021 18:47:56.000,1.51383216
14-Jun-2021 18:47:57.000,1.58948567326733
14-Jun-2021 18:47:58.000,1.73372457425743
14-Jun-2021 18:47:59.000,1.63687714851485
14-Jun-2021 18:48:00.000,1.29785796
14-Jun-2021 18:48:01.000,1.86808885148515
14-Jun-2021 18:48:02.000,1.66724588118812
14-Jun-2021 18:48:03.000,1.65775789108911
14-Jun-2021 18:48:04.000,1.1906985
14-Jun-2021 18:48:05.000,1.45074315841584
14-Jun-2021 18:48:06.000,1.38065621782178
14-Jun-2021 18:48:07.000,1.63318668316832
14-Jun-2021 18:48:08.000,1.44603714851485
14-Jun-2021 18:48:09.000,1.52750984715383
14-Jun-2021 18:48:10.000,1.67561233663366
14-Jun-2021 18:48:11.000,1.66209304950495
14-Jun-2021 18:48:12.000,1.61385194059406
14-Jun-2021 18:48:13.000,1.60408640594059
14-Jun-2021 18:48:14.000,1.20802219
14-Jun-2021 18:48:15.000,1.41382497029703
14-Jun-2021 18:48:16.000,1.49813187128713
14-Jun-2021 18:48:17.000,1.7377542
14-Jun-2021 18:48:18.000,1.40938576237624
14-Jun-2021 18:48:19.000,1.36600596039604
14-Jun-2021 18:48:20.000,1.51320599009901
14-Jun-2021 18:48:21.000,1.75080828712871
14-Jun-2021 18:48:22.000,1.5860747
14-Jun-2021 18:48:23.000,1.49980533663366
14-Jun-2021 18:48:24.000,1.56137607920792
14-Jun-2021 18:48:25.000,1.73453842503173
14-Jun-2021 18:48:26.000,1.71844416
14-Jun-2021 18:48:27.000,1.3421838
14-Jun-2021 18:48:28.000,1.49704589108911
14-Jun-2021 18:48:29.000,1.00106765346535
14-Jun-2021 18:48:30.000,1.270094
14-Jun-2021 18:48:31.000,1.65864445544554
14-Jun-2021 18:48:32.000,1.307094
14-Jun-2021 18:48:33.000,1.04039128712871
14-Jun-2021 18:48:34.000,1.27146169306931
14-Jun-2021 18:48:35.000,1.61912316
14-Jun-2021 18:48:36.000,1.40020287128713
14-Jun-2021 18:48:37.000,1.92814341584158
14-Jun-2021 18:48:38.000,1.23766488118812
14-Jun-2021 18:48:39.000,0.70473444
14-Jun-2021 18:48:40.000,0.952013118811881
14-Jun-2021 18:48:41.000,1.43258369306931
14-Jun-2021 18:48:42.000,1.4511371980198
14-Jun-2021 18:48:43.000,1.48668444
14-Jun-2021 18:48:44.000,1.18905185148515
14-Jun-2021 18:48:45.000,1.2829720990099
14-Jun-2021 18:48:46.000,1.39937296039604
14-Jun-2021 18:48:47.000,1.28587856
14-Jun-2021 18:48:48.000,1.20319903960396
14-Jun-2021 18:48:49.000,0.989169554455446
14-Jun-2021 18:48:50.000,1.47815681188119
14-Jun-2021 18:48:51.000,1.40782840594059
14-Jun-2021 18:48:52.000,1.55476868
14-Jun-2021 18:48:53.000,1.0948519009901
14-Jun-2021 18:48:54.000,1.56860022772277
14-Jun-2021 18:48:55.000,1.25806000990099
14-Jun-2021 18:48:56.000,1.66205114
14-Jun-2021 18:48:57.000,1.90226625742574
14-Jun-2021 18:48:58.000,2.07063774257426
14-Jun-2021 18:48:59.000,2.25092999009901
14-Jun-2021 18:49:00.000,1.6296549
14-Jun-2021 18:49:01.000,1.4742529009901
14-Jun-2021 18:49:02.000,1.45714846534653
14-Jun-2021 18:49:03.000,1.50234835643564
14-Jun-2021 18:49:04.000,1.46259657425743
14-Jun-2021 18:49:05.000,1.64963276
14-Jun-2021 18:49:06.000,1.92962392079208
14-Jun-2021 18:49:07.000,1.56540202970297
14-Jun-2021 18:49:08.000,1.59537378217822
14-Jun-2021 18:49:09.000,1.75675028044895
14-Jun-2021 18:49:10.000,1.16260282
14-Jun-2021 18:49:11.000,1.43607234653465
14-Jun-2021 18:49:12.000,1.59984066336634
14-Jun-2021 18:49:13.000,1.44640363
14-Jun-2021 18:49:14.000,1.27182526732673
14-Jun-2021 18:49:15.000,1.65766734653465
14-Jun-2021 18:49:16.000,1.35764553465347
14-Jun-2021 18:49:17.000,1.38120168
14-Jun-2021 18:49:18.000,1.9627952970297
14-Jun-2021 18:49:19.000,2.02350679207921
14-Jun-2021 18:49:20.000,1.11726361386139
14-Jun-2021 18:49:21.000,1.39832828712871
14-Jun-2021 18:49:22.000,1.3773578
14-Jun-2021 18:49:23.000,1.55902360154953
14-Jun-2021 18:49:24.000,1.49895576237624
14-Jun-2021 18:49:25.000,1.29004
14-Jun-2021 18:49:26.000,1.35401161386139
14-Jun-2021 18:49:27.000,1.58311944554455
14-Jun-2021 18:49:28.000,1.28601013861386
14-Jun-2021 18:49:29.000,1.19802178
14-Jun-2021 18:49:30.000,1.70469399
14-Jun-2021 18:49:31.000,1.68764413861386
14-Jun-2021 18:49:32.000,1.42774878217822
14-Jun-2021 18:49:33.000,1.27328621782178
14-Jun-2021 18:49:34.000,1.7176634
14-Jun-2021 18:49:35.000,1.39723744554455
14-Jun-2021 18:49:36.000,1.74360838613861
14-Jun-2021 18:49:37.000,1.19901141584158
14-Jun-2021 18:49:38.000,1.63117328
14-Jun-2021 18:49:39.000,1.38959887128713
14-Jun-2021 18:49:40.000,1.37801098019802
14-Jun-2021 18:49:41.000,1.01128540594059
14-Jun-2021 18:49:42.000,1.27125983
14-Jun-2021 18:49:43.000,1.46363986138614
14-Jun-2021 18:49:44.000,1.61471605940594
14-Jun-2021 18:49:45.000,1.52571940594059
14-Jun-2021 18:49:46.000,1.67787284
14-Jun-2021 18:49:47.000,1.49853834
14-Jun-2021 18:49:48.000,1.32063694059406
14-Jun-2021 18:49:49.000,1.25166600990099
14-Jun-2021 18:49:50.000,1.2953451980198
14-Jun-2021 18:49:51.000,1.32335012
14-Jun-2021 18:49:52.000,1.52121567
14-Jun-2021 18:49:53.000,1.73034524752475
14-Jun-2021 18:49:54.000,1.79096003960396
14-Jun-2021 18:49:55.000,1.77380446264474
14-Jun-2021 18:49:56.000,1.4345975049505
14-Jun-2021 18:49:57.000,1.50778651485149
14-Jun-2021 18:49:58.000,1.39935666336634
14-Jun-2021 18:49:59.000,1.48782900990099
14-Jun-2021 18:50:00.000,1.601753
14-Jun-2021 18:50:01.000,1.59195606930693
14-Jun-2021 18:50:02.000,1.19114142574257
14-Jun-2021 18:50:03.000,1.70005643564356
14-Jun-2021 18:50:04.000,1.5267574
14-Jun-2021 18:50:05.000,1.41537292
14-Jun-2021 18:50:06.000,0.844454425742574
14-Jun-2021 18:50:07.000,1.2304587029703
14-Jun-2021 18:50:08.000,0.859883485172879
14-Jun-2021 18:50:09.000,1.06334276237624
14-Jun-2021 18:50:10.000,1.50282746534653
14-Jun-2021 18:50:11.000,1.48680763366337
14-Jun-2021 18:50:12.000,1.32350776237624
14-Jun-2021 18:50:13.000,1.15154643
14-Jun-2021 18:50:14.000,1.36917040594059
14-Jun-2021 18:50:15.000,2.02063181188119
14-Jun-2021 18:50:16.000,1.42461155445545
14-Jun-2021 18:50:17.000,1.47865813861386
14-Jun-2021 18:50:18.000,1.13017255
14-Jun-2021 18:50:19.000,1.17661236633663
14-Jun-2021 18:50:20.000,1.26489632673267
14-Jun-2021 18:50:21.000,0.72718494
14-Jun-2021 18:50:22.000,0.69225157
14-Jun-2021 18:50:23.000,0.955100168316832
14-Jun-2021 18:50:24.000,0.947768168316832
14-Jun-2021 18:50:25.000,0.99522703960396
14-Jun-2021 18:50:26.000,0.9992922
14-Jun-2021 18:50:27.000,1.01514084
14-Jun-2021 18:50:28.000,0.987085732673267
14-Jun-2021 18:50:29.000,1.00109146534653
14-Jun-2021 18:50:30.000,1.05755538613861
14-Jun-2021 18:50:31.000,0.36300118
14-Jun-2021 18:50:32.000,0.640032099009901
14-Jun-2021 18:50:33.000,0.680717326732673
14-Jun-2021 18:50:34.000,0.529484237623762
14-Jun-2021 18:50:35.000,0.21127654
14-Jun-2021 18:50:36.000,0.382359455445545
14-Jun-2021 18:50:37.000,0.331843742574257
14-Jun-2021 18:50:38.000,0.137172643564356
14-Jun-2021 18:50:39.000,-0.612766128712871
14-Jun-2021 18:50:40.000,0.01672934
14-Jun-2021 18:50:41.000,0.217293574257426
14-Jun-2021 18:50:42.000,1.27174186138614
14-Jun-2021 18:50:43.000,1.39823171287129
14-Jun-2021 18:50:44.000,1.3945693
14-Jun-2021 18:50:45.000,1.54045828
14-Jun-2021 18:50:46.000,1.53073302970297
14-Jun-2021 18:50:47.000,1.69727040594059
14-Jun-2021 18:50:48.000,1.66543366336634
14-Jun-2021 18:50:49.000,1.71195243564356
14-Jun-2021 18:50:50.000,1.69418889108911
14-Jun-2021 18:50:51.000,1.72361692079208
14-Jun-2021 18:50:52.000,1.63717703960396
14-Jun-2021 18:50:53.000,1.59295725
14-Jun-2021 18:50:54.000,1.52034969571712
14-Jun-2021 18:50:55.000,1.47714165346535
14-Jun-2021 18:50:56.000,1.60480830693069
14-Jun-2021 18:50:57.000,3.83696492
14-Jun-2021 18:50:58.000,3.00051365
14-Jun-2021 18:50:59.000,3.35860441584158
14-Jun-2021 18:51:00.000,2.41835163366337
14-Jun-2021 18:51:01.000,2.05702136633663
14-Jun-2021 18:51:02.000,1.34645
14-Jun-2021 18:51:03.000,0.331114663366337
14-Jun-2021 18:51:04.000,1.91880335643564
14-Jun-2021 18:51:05.000,2.56832019
14-Jun-2021 18:51:06.000,2.7306036
14-Jun-2021 18:51:07.000,2.48818781188119
14-Jun-2021 18:51:08.000,1.40697304950495
14-Jun-2021 18:51:09.000,1.99542312871287
14-Jun-2021 18:51:10.000,2.10001727
14-Jun-2021 18:51:11.000,2.10846606930693
14-Jun-2021 18:51:12.000,1.96039952475248
14-Jun-2021 18:51:13.000,2.00606430693069
14-Jun-2021 18:51:14.000,2.01721986
14-Jun-2021 18:51:15.000,1.98096127
14-Jun-2021 18:51:16.000,1.664539
14-Jun-2021 18:51:17.000,2.1690206039604
14-Jun-2021 18:51:18.000,1.44941538
14-Jun-2021 18:51:19.000,1.73751427722772
14-Jun-2021 18:51:20.000,1.61473952475248
14-Jun-2021 18:51:21.000,1.64796755445545
14-Jun-2021 18:51:22.000,1.50439274
14-Jun-2021 18:51:23.000,1.558933
14-Jun-2021 18:51:24.000,1.84340756435644
14-Jun-2021 18:51:25.000,1.38697127722772
14-Jun-2021 18:51:26.000,1.63010285148515
14-Jun-2021 18:51:27.000,1.46496187
14-Jun-2021 18:51:28.000,1.34739886138614
14-Jun-2021 18:51:29.000,1.48810121782178
14-Jun-2021 18:51:30.000,1.68295
14-Jun-2021 18:51:31.000,1.44952332673267
14-Jun-2021 18:51:32.000,1.70276224752475
14-Jun-2021 18:51:33.000,1.98008220792079
14-Jun-2021 18:51:34.000,1.42794305940594
14-Jun-2021 18:51:35.000,1.67778296
14-Jun-2021 18:51:36.000,1.62433476237624
14-Jun-2021 18:51:37.000,1.75485240594059
14-Jun-2021 18:51:38.000,1.38344994059406
14-Jun-2021 18:51:39.000,1.23229662603968
14-Jun-2021 18:51:40.000,1.16206352
14-Jun-2021 18:51:41.000,0.893694752475248
14-Jun-2021 18:51:42.000,1.15668964356436
14-Jun-2021 18:51:43.000,0.937443702970297
14-Jun-2021 18:51:44.000,1.121266
14-Jun-2021 18:51:45.000,1.33999698019802
14-Jun-2021 18:51:46.000,0.984072603960396
14-Jun-2021 18:51:47.000,0.90723928
14-Jun-2021 18:51:48.000,1.6882329
14-Jun-2021 18:51:49.000,1.5170895049505
14-Jun-2021 18:51:50.000,1.49701733663366
14-Jun-2021 18:51:51.000,1.5681492970297
14-Jun-2021 18:51:52.000,1.29266047521733
14-Jun-2021 18:51:53.000,1.39474058415842
14-Jun-2021 18:51:54.000,1.22382955445545
14-Jun-2021 18:51:55.000,1.35357897029703
14-Jun-2021 18:51:56.000,1.832851
14-Jun-2021 18:51:57.000,2.48429426
14-Jun-2021 18:51:58.000,2.25277399009901
14-Jun-2021 18:51:59.000,2.03859451485149
14-Jun-2021 18:52:00.000,1.83202289108911
14-Jun-2021 18:52:01.000,2.04704112
14-Jun-2021 18:52:02.000,1.6171261980198
14-Jun-2021 18:52:03.000,1.53952668316832
14-Jun-2021 18:52:04.000,1.39787184158416
14-Jun-2021 18:52:05.000,1.47327051
14-Jun-2021 18:52:06.000,1.84340768
14-Jun-2021 18:52:07.000,1.78685175247525
14-Jun-2021 18:52:08.000,1.26506533716807
14-Jun-2021 18:52:09.000,1.70521126732673
14-Jun-2021 18:52:10.000,1.58757949
14-Jun-2021 18:52:11.000,1.30575650495049
14-Jun-2021 18:52:12.000,1.06733104950495
14-Jun-2021 18:52:13.000,1.34664188
14-Jun-2021 18:52:14.000,0.60363505
14-Jun-2021 18:52:15.000,1.05107096039604
14-Jun-2021 18:52:16.000,0.923669950495049
14-Jun-2021 18:52:17.000,0.757415871287129
14-Jun-2021 18:52:18.000,1.00733932
14-Jun-2021 18:52:19.000,0.994996138613861
14-Jun-2021 18:52:20.000,1.44452712871287
14-Jun-2021 18:52:21.000,1.6050929009901
14-Jun-2021 18:52:22.000,1.63971505940594
14-Jun-2021 18:52:23.000,1.4682366
14-Jun-2021 18:52:24.000,2.041446
14-Jun-2021 18:52:25.000,1.53576513861386
14-Jun-2021 18:52:26.000,1.75627863366337
14-Jun-2021 18:52:27.000,1.63102036
14-Jun-2021 18:52:28.000,1.47070162376238
14-Jun-2021 18:52:29.000,1.69624124752475
14-Jun-2021 18:52:30.000,1.80619430693069
14-Jun-2021 18:52:31.000,1.48695835
14-Jun-2021 18:52:32.000,2.08513993069307
14-Jun-2021 18:52:33.000,1.5331507029703
14-Jun-2021 18:52:34.000,1.35425000990099
14-Jun-2021 18:52:35.000,1.23094702970297
14-Jun-2021 18:52:36.000,1.42591832
14-Jun-2021 18:52:37.000,1.32581811881188
14-Jun-2021 18:52:38.000,1.85815708223254
14-Jun-2021 18:52:39.000,1.30369081188119
14-Jun-2021 18:52:40.000,1.50476538613861
14-Jun-2021 18:52:41.000,1.36929311881188
14-Jun-2021 18:52:42.000,1.66026701980198
14-Jun-2021 18:52:43.000,1.02513955445545
14-Jun-2021 18:52:44.000,1.1582914
14-Jun-2021 18:52:45.000,1.07486138613861
14-Jun-2021 18:52:46.000,1.53953098019802
14-Jun-2021 18:52:47.000,1.38667772277228
14-Jun-2021 18:52:48.000,1.72214339
14-Jun-2021 18:52:49.000,1.66923068316832
14-Jun-2021 18:52:50.000,1.70888903960396
14-Jun-2021 18:52:51.000,1.35521025742574
14-Jun-2021 18:52:52.000,1.5070096039604
14-Jun-2021 18:52:53.000,2.0413871
14-Jun-2021 18:52:54.000,1.49374372277228
14-Jun-2021 18:52:55.000,1.66023769306931
14-Jun-2021 18:52:56.000,2.03836508
14-Jun-2021 18:52:57.000,2.15306192079208
14-Jun-2021 18:52:58.000,1.81491626732673
14-Jun-2021 18:52:59.000,1.72509012871287
14-Jun-2021 18:53:00.000,1.76027882178218
14-Jun-2021 18:53:01.000,1.4836488
14-Jun-2021 18:53:02.000,1.64606478217822
14-Jun-2021 18:53:03.000,1.81679271287129
14-Jun-2021 18:53:04.000,1.75499975247525
14-Jun-2021 18:53:05.000,1.77726493
14-Jun-2021 18:53:06.000,1.79650805403759
14-Jun-2021 18:53:07.000,1.668313
14-Jun-2021 18:53:08.000,2.11812830693069
14-Jun-2021 18:53:09.000,1.68708168
14-Jun-2021 18:53:10.000,2.03219369306931
14-Jun-2021 18:53:11.000,2.0874747029703
14-Jun-2021 18:53:12.000,1.91609135643564
14-Jun-2021 18:53:13.000,0.76231342
14-Jun-2021 18:53:14.000,1.3323494
14-Jun-2021 18:53:15.000,1.62996044554455
14-Jun-2021 18:53:16.000,1.67196828712871
14-Jun-2021 18:53:17.000,1.20562708910891
14-Jun-2021 18:53:18.000,1.5181221
14-Jun-2021 18:53:19.000,1.43335696039604
14-Jun-2021 18:53:20.000,1.56009593069307
14-Jun-2021 18:53:21.000,2.02476712871287
14-Jun-2021 18:53:22.000,1.65589151042485
14-Jun-2021 18:53:23.000,1.62098074257426
14-Jun-2021 18:53:24.000,1.3163392970297
14-Jun-2021 18:53:25.000,1.43977168
14-Jun-2021 18:53:26.000,1.51149233
14-Jun-2021 18:53:27.000,1.61381322772277
14-Jun-2021 18:53:28.000,1.26320196039604
14-Jun-2021 18:53:29.000,1.01279853465347
14-Jun-2021 18:53:30.000,1.0616222
14-Jun-2021 18:53:31.000,1.30333507920792
14-Jun-2021 18:53:32.000,1.51164858415842
14-Jun-2021 18:53:33.000,1.58249013861386
14-Jun-2021 18:53:34.000,1.74720009
14-Jun-2021 18:53:35.000,1.3755977029703
14-Jun-2021 18:53:36.000,1.52803149504951
14-Jun-2021 18:53:37.000,1.4857201
14-Jun-2021 18:53:38.000,1.08862379207921
14-Jun-2021 18:53:39.000,1.03158030693069
14-Jun-2021 18:53:40.000,1.36652306930693
14-Jun-2021 18:53:41.000,1.35409901
14-Jun-2021 18:53:42.000,1.57049437623762
14-Jun-2021 18:53:43.000,1.09155931683168
14-Jun-2021 18:53:44.000,1.13621620792079
14-Jun-2021 18:53:45.000,1.6151832
14-Jun-2021 18:53:46.000,1.35225025
14-Jun-2021 18:53:47.000,1.15942616831683
14-Jun-2021 18:53:48.000,1.47774205940594
14-Jun-2021 18:53:49.000,1.24528707920792
14-Jun-2021 18:53:50.000,1.54923459625541
14-Jun-2021 18:53:51.000,1.31648707920792
14-Jun-2021 18:53:52.000,1.94868066336634
14-Jun-2021 18:53:53.000,1.5439645
14-Jun-2021 18:53:54.000,1.3050543960396
14-Jun-2021 18:53:55.000,1.61677135643564
14-Jun-2021 18:53:56.000,1.5581184950495
14-Jun-2021 18:53:57.000,1.37638146
14-Jun-2021 18:53:58.000,1.21276875247525
14-Jun-2021 18:53:59.000,1.56259358415842
14-Jun-2021 18:54:00.000,1.59493931683168
14-Jun-2021 18:54:01.000,1.60626482
14-Jun-2021 18:54:02.000,1.5663277
14-Jun-2021 18:54:03.000,1.3889748019802
14-Jun-2021 18:54:04.000,1.49649208
14-Jun-2021 18:54:05.000,1.47424086
14-Jun-2021 18:54:06.000,1.60620142574257
14-Jun-2021 18:54:07.000,1.2857418019802
14-Jun-2021 18:54:08.000,1.41735321782178
14-Jun-2021 18:54:09.000,1.9105368
14-Jun-2021 18:54:10.000,1.30105448514851
14-Jun-2021 18:54:11.000,0.978986396039604
14-Jun-2021 18:54:12.000,1.17457030693069
14-Jun-2021 18:54:13.000,1.72564621
14-Jun-2021 18:54:14.000,1.5704520990099
14-Jun-2021 18:54:15.000,1.52686097029703
14-Jun-2021 18:54:16.000,1.66891811881188
14-Jun-2021 18:54:17.000,1.50361728
14-Jun-2021 18:54:18.000,1.80259635643564
14-Jun-2021 18:54:19.000,1.50937530693069
14-Jun-2021 18:54:20.000,1.17296932
14-Jun-2021 18:54:21.000,1.51661956435644
14-Jun-2021 18:54:22.000,1.22022874257426
14-Jun-2021 18:54:23.000,1.23913206
14-Jun-2021 18:54:24.000,1.34540781188119
14-Jun-2021 18:54:25.000,1.48602187128713
14-Jun-2021 18:54:26.000,1.70623933663366
14-Jun-2021 18:54:27.000,1.6028222
14-Jun-2021 18:54:28.000,1.2785879009901
14-Jun-2021 18:54:29.000,1.62650254455446
14-Jun-2021 18:54:30.000,1.60746683168317
14-Jun-2021 18:54:31.000,1.38490106
14-Jun-2021 18:54:32.000,1.70238026732673
14-Jun-2021 18:54:33.000,1.60118125742574
14-Jun-2021 18:54:34.000,1.59191
14-Jun-2021 18:54:35.000,1.66797671287129
14-Jun-2021 18:54:36.000,1.1042400990099
14-Jun-2021 18:54:37.000,0.945330188118812
14-Jun-2021 18:54:38.000,0.58330375
14-Jun-2021 18:54:39.000,1.07887603960396
14-Jun-2021 18:54:40.000,1.00517608910891
14-Jun-2021 18:54:41.000,0.752955386138614
14-Jun-2021 18:54:42.000,0.89323424
14-Jun-2021 18:54:43.000,1.33742269306931
14-Jun-2021 18:54:44.000,0.530573673267327
14-Jun-2021 18:54:45.000,0.929288257425743
14-Jun-2021 18:54:46.000,0.993322079207921
14-Jun-2021 18:54:47.000,1.00493132673267
14-Jun-2021 18:54:48.000,1.18981324752475
14-Jun-2021 18:54:49.000,0.462412445544555
14-Jun-2021 18:54:50.000,0.33932915
14-Jun-2021 18:54:51.000,0.247770346534653
14-Jun-2021 18:54:52.000,0.775934386138614
14-Jun-2021 18:54:53.000,0.833982455445545
14-Jun-2021 18:54:54.000,0.3045444
14-Jun-2021 18:54:55.000,0.999514495049505
14-Jun-2021 18:54:56.000,1.69556437623762
14-Jun-2021 18:54:57.000,2.83956244554455
14-Jun-2021 18:54:58.000,3.12648212
14-Jun-2021 18:54:59.000,3.142116
14-Jun-2021 18:55:00.000,1.4276727606649
14-Jun-2021 18:55:01.000,1.9328613
14-Jun-2021 18:55:02.000,2.18461530693069
14-Jun-2021 18:55:03.000,2.16419955445545
14-Jun-2021 18:55:04.000,2.2193442970297
14-Jun-2021 18:55:05.000,2.25442282
14-Jun-2021 18:55:06.000,2.28343200990099
14-Jun-2021 18:55:07.000,2.07393748514852
14-Jun-2021 18:55:08.000,2.24030186138614
14-Jun-2021 18:55:09.000,1.42622196
14-Jun-2021 18:55:10.000,1.7306429009901
14-Jun-2021 18:55:11.000,1.44339226732673
14-Jun-2021 18:55:12.000,1.58614047524752
14-Jun-2021 18:55:13.000,2.06521928712871
14-Jun-2021 18:55:14.000,1.45634402970297
14-Jun-2021 18:55:15.000,1.72332508910891
14-Jun-2021 18:55:16.000,1.51993292
14-Jun-2021 18:55:17.000,1.39828127722772
14-Jun-2021 18:55:18.000,1.66003873267327
14-Jun-2021 18:55:19.000,1.68064701980198
14-Jun-2021 18:55:20.000,1.540903
14-Jun-2021 18:55:21.000,1.38176493069307
14-Jun-2021 18:55:22.000,1.47364861386139
14-Jun-2021 18:55:23.000,1.47792584158416
14-Jun-2021 18:55:24.000,1.7542624
14-Jun-2021 18:55:25.000,1.57004175247525
14-Jun-2021 18:55:26.000,1.71368503960396
14-Jun-2021 18:55:27.000,1.64118659812881
14-Jun-2021 18:55:28.000,1.46504056435644
14-Jun-2021 18:55:29.000,1.48813368316832
14-Jun-2021 18:55:30.000,1.59824855445545
14-Jun-2021 18:55:31.000,1.6152911
14-Jun-2021 18:55:32.000,1.32562285148515
14-Jun-2021 18:55:33.000,1.47492289108911
14-Jun-2021 18:55:34.000,1.66511199009901
14-Jun-2021 18:55:35.000,1.53543489
14-Jun-2021 18:55:36.000,1.28859482178218
14-Jun-2021 18:55:37.000,1.44568296039604
14-Jun-2021 18:55:38.000,1.59830245544554
14-Jun-2021 18:55:39.000,1.6428992
14-Jun-2021 18:55:40.000,1.29676256688268
14-Jun-2021 18:55:41.000,1.68440761933644
14-Jun-2021 18:55:42.000,1.36828782
14-Jun-2021 18:55:43.000,1.4135460990099
14-Jun-2021 18:55:44.000,1.13088320792079
14-Jun-2021 18:55:45.000,1.42323610891089
14-Jun-2021 18:55:46.000,1.1767153
14-Jun-2021 18:55:47.000,1.45455454455446
14-Jun-2021 18:55:48.000,1.44997553465347
14-Jun-2021 18:55:49.000,1.26627937623762
14-Jun-2021 18:55:50.000,1.36740351
14-Jun-2021 18:55:51.000,1.6716181980198
14-Jun-2021 18:55:52.000,1.78564107920792
14-Jun-2021 18:55:53.000,1.70180212871287
14-Jun-2021 18:55:54.000,1.42617448
14-Jun-2021 18:55:55.000,1.17378476237624
14-Jun-2021 18:55:56.000,1.04931157425743
14-Jun-2021 18:55:57.000,1.52334333
14-Jun-2021 18:55:58.000,1.36056984158416
14-Jun-2021 18:55:59.000,1.23465766336634
14-Jun-2021 18:56:00.000,0.808842504950495
14-Jun-2021 18:56:01.000,1.2145923
14-Jun-2021 18:56:02.000,0.95769995049505
14-Jun-2021 18:56:03.000,1.5457253960396
14-Jun-2021 18:56:04.000,1.01949611881188
14-Jun-2021 18:56:05.000,0.83313025
14-Jun-2021 18:56:06.000,1.13098388118812
14-Jun-2021 18:56:07.000,0.848999237623763
14-Jun-2021 18:56:08.000,1.08440596039604
14-Jun-2021 18:56:09.000,1.14069817821782
14-Jun-2021 18:56:10.000,1.02744598019802
14-Jun-2021 18:56:11.000,1.22972358415842
14-Jun-2021 18:56:12.000,1.904864
14-Jun-2021 18:56:13.000,1.73630144554455
14-Jun-2021 18:56:14.000,2.11853867326733
14-Jun-2021 18:56:15.000,2.07271746534653
14-Jun-2021 18:56:16.000,1.96524554
14-Jun-2021 18:56:17.000,1.47703830693069
14-Jun-2021 18:56:18.000,1.05853803960396
14-Jun-2021 18:56:19.000,0.861036128712871
14-Jun-2021 18:56:20.000,1.1287798
14-Jun-2021 18:56:21.000,0.870795696416269
14-Jun-2021 18:56:22.000,0.831874722772277
14-Jun-2021 18:56:23.000,1.59647792
14-Jun-2021 18:56:24.000,1.8717562970297
14-Jun-2021 18:56:25.000,2.3604399009901
14-Jun-2021 18:56:26.000,2.4209201980198
14-Jun-2021 18:56:27.000,1.74632741
14-Jun-2021 18:56:28.000,2.3897506
14-Jun-2021 18:56:29.000,1.72674568316832
14-Jun-2021 18:56:30.000,1.12337505940594
14-Jun-2021 18:56:31.000,3.70376687128713
14-Jun-2021 18:56:32.000,2.45935104
14-Jun-2021 18:56:33.000,3.15740363366337
14-Jun-2021 18:56:34.000,1.23485008910891
14-Jun-2021 18:56:35.000,0.985071514851485
14-Jun-2021 18:56:36.000,1.9429656
14-Jun-2021 18:56:37.000,0.620483253798272
14-Jun-2021 18:56:38.000,3.05852293069307
14-Jun-2021 18:56:39.000,1.92065453
14-Jun-2021 18:56:40.000,2.34684669306931
14-Jun-2021 18:56:41.000,0.980244386138614
14-Jun-2021 18:56:42.000,2.16740248514851
14-Jun-2021 18:56:43.000,0.76786144
14-Jun-2021 18:56:44.000,0.857345495049505
14-Jun-2021 18:56:45.000,1.12147073267327
14-Jun-2021 18:56:46.000,-0.465590059405941
14-Jun-2021 18:56:47.000,-0.80098137
14-Jun-2021 18:56:48.000,0.627871792079208
14-Jun-2021 18:56:49.000,1.75425295049505
14-Jun-2021 18:56:50.000,0.621767138613861
14-Jun-2021 18:56:51.000,2.40865766336634
14-Jun-2021 18:56:52.000,1.81412338613861
14-Jun-2021 18:56:53.000,1.1756896039604
14-Jun-2021 18:56:54.000,1.18796427
14-Jun-2021 18:56:55.000,1.25177989108911
14-Jun-2021 18:56:56.000,2.26340298019802
14-Jun-2021 18:56:57.000,1.70880823762376
14-Jun-2021 18:56:58.000,1.82240068
14-Jun-2021 18:56:59.000,1.57263425742574
14-Jun-2021 18:57:00.000,1.46194285148515
14-Jun-2021 18:57:01.000,2.26669485148515
14-Jun-2021 18:57:02.000,1.57970255
14-Jun-2021 18:57:03.000,0.851315772277228
14-Jun-2021 18:57:04.000,2.79729806930693
14-Jun-2021 18:57:05.000,1.84226824638629
14-Jun-2021 18:57:06.000,2.4151992970297
14-Jun-2021 18:57:07.000,3.28405310891089
14-Jun-2021 18:57:08.000,2.30544343564356
14-Jun-2021 18:57:09.000,1.9031201
14-Jun-2021 18:57:10.000,2.14778274257426
14-Jun-2021 18:57:11.000,2.012328
14-Jun-2021 18:57:12.000,2.06488907920792
14-Jun-2021 18:57:13.000,1.4573694
14-Jun-2021 18:57:14.000,1.59337833663366
14-Jun-2021 18:57:15.000,0.0544923267326733
14-Jun-2021 18:57:16.000,1.44229991089109
14-Jun-2021 18:57:17.000,2.23874394321486
14-Jun-2021 18:57:18.000,1.766776
14-Jun-2021 18:57:19.000,1.58082254455446
14-Jun-2021 18:57:20.000,1.43212032
14-Jun-2021 18:57:21.000,1.44550993069307
14-Jun-2021 18:57:22.000,1.89348691089109
14-Jun-2021 18:57:23.000,3.09423797029703
14-Jun-2021 18:57:24.000,2.2602575
14-Jun-2021 18:57:25.000,2.01488408910891
14-Jun-2021 18:57:26.000,1.82785814851485
14-Jun-2021 18:57:27.000,1.49972689108911
14-Jun-2021 18:57:28.000,1.50043152
14-Jun-2021 18:57:29.000,2.08222127
14-Jun-2021 18:57:30.000,1.97756724752475
14-Jun-2021 18:57:31.000,1.71667807920792
14-Jun-2021 18:57:32.000,1.9627086039604
14-Jun-2021 18:57:33.000,1.64071133663366
14-Jun-2021 18:57:34.000,1.84427467326733
14-Jun-2021 18:57:35.000,0.93883308
14-Jun-2021 18:57:36.000,2.13596150495049
14-Jun-2021 18:57:37.000,2.20589040594059
14-Jun-2021 18:57:38.000,1.60141262376238
14-Jun-2021 18:57:39.000,1.60939971
14-Jun-2021 18:57:40.000,1.51436972277228
14-Jun-2021 18:57:41.000,1.29598448514851
14-Jun-2021 18:57:42.000,1.36059776237624
14-Jun-2021 18:57:43.000,1.6855552
14-Jun-2021 18:57:44.000,1.81481726732673
14-Jun-2021 18:57:45.000,0.909632299008743
14-Jun-2021 18:57:46.000,1.49864177
14-Jun-2021 18:57:47.000,0.45852600990099
14-Jun-2021 18:57:48.000,0.146976663366337
14-Jun-2021 18:57:49.000,1.09198956435644
14-Jun-2021 18:57:50.000,1.2282109
14-Jun-2021 18:57:51.000,1.22172516831683
14-Jun-2021 18:57:52.000,1.00321531683168
14-Jun-2021 18:57:53.000,0.827416801980198
14-Jun-2021 18:57:54.000,0.09729733
14-Jun-2021 18:57:55.000,0.492930712871287
14-Jun-2021 18:57:56.000,1.41761700990099
14-Jun-2021 18:57:57.000,1.24493755445545
14-Jun-2021 18:57:58.000,0.99933392
14-Jun-2021 18:57:59.000,1.31871936633663
14-Jun-2021 18:58:00.000,1.97639531683168
14-Jun-2021 18:58:01.000,2.81442365
14-Jun-2021 18:58:02.000,1.99566463366337
14-Jun-2021 18:58:03.000,2.35219993069307
14-Jun-2021 18:58:04.000,2.40592296039604
14-Jun-2021 18:58:05.000,1.73008434
14-Jun-2021 18:58:06.000,1.75197333663366
14-Jun-2021 18:58:07.000,1.74219904950495
14-Jun-2021 18:58:08.000,1.62207742574257
14-Jun-2021 18:58:09.000,1.71211694
14-Jun-2021 18:58:10.000,1.74765541584158
14-Jun-2021 18:58:11.000,1.82362104950495
14-Jun-2021 18:58:12.000,1.4174570990099
14-Jun-2021 18:58:13.000,1.51156316
14-Jun-2021 18:58:14.000,1.11377468316832
14-Jun-2021 18:58:15.000,1.19918854455446
14-Jun-2021 18:58:16.000,1.30306431
14-Jun-2021 18:58:17.000,0.876294207920792
14-Jun-2021 18:58:18.000,1.69380041584158
14-Jun-2021 18:58:19.000,1.80514340594059
14-Jun-2021 18:58:20.000,2.1204157
14-Jun-2021 18:58:21.000,2.05592865346535
14-Jun-2021 18:58:22.000,1.86667299009901
14-Jun-2021 18:58:23.000,1.83388424
14-Jun-2021 18:58:24.000,2.08706968316832
14-Jun-2021 18:58:25.000,1.62208023762376
14-Jun-2021 18:58:26.000,1.70033776237624
14-Jun-2021 18:58:27.000,1.05856675
14-Jun-2021 18:58:28.000,1.37582144554455
14-Jun-2021 18:58:29.000,1.72644474257426
14-Jun-2021 18:58:30.000,1.70470882
14-Jun-2021 18:58:31.000,1.45165783168317
14-Jun-2021 18:58:32.000,1.41562703960396
14-Jun-2021 18:58:33.000,1.54818435643564
14-Jun-2021 18:58:34.000,1.41374551
14-Jun-2021 18:58:35.000,1.2505944950495
14-Jun-2021 18:58:36.000,1.29484165346535
14-Jun-2021 18:58:37.000,0.558427554455445
14-Jun-2021 18:58:38.000,0.5906654
14-Jun-2021 18:58:39.000,0.210143564356436
14-Jun-2021 18:58:40.000,-0.453826772277228
14-Jun-2021 18:58:41.000,1.56113286138614
14-Jun-2021 18:58:42.000,1.9498679009901
14-Jun-2021 18:58:43.000,2.57614171287129
14-Jun-2021 18:58:44.000,2.53712322772277
14-Jun-2021 18:58:45.000,2.76292748
14-Jun-2021 18:58:46.000,2.5407465049505
14-Jun-2021 18:58:47.000,2.00351236633663
14-Jun-2021 18:58:48.000,2.55375007920792
14-Jun-2021 18:58:49.000,1.20649085
14-Jun-2021 18:58:50.000,1.9407944950495
14-Jun-2021 18:58:51.000,1.87962478217822
14-Jun-2021 18:58:52.000,2.26080386138614
14-Jun-2021 18:58:53.000,2.15616984
14-Jun-2021 18:58:54.000,1.54217954455446
14-Jun-2021 18:58:55.000,1.6643314950495
14-Jun-2021 18:58:56.000,1.75438885
14-Jun-2021 18:58:57.000,1.76123637623762
14-Jun-2021 18:58:58.000,1.5764784950495
14-Jun-2021 18:58:59.000,1.37309586138614
14-Jun-2021 18:59:00.000,1.8695077
14-Jun-2021 18:59:01.000,1.62061433663366
14-Jun-2021 18:59:02.000,1.44939141584158
14-Jun-2021 18:59:03.000,1.7463843960396
14-Jun-2021 18:59:04.000,1.80772508
14-Jun-2021 18:59:05.000,1.80822766336634
14-Jun-2021 18:59:06.000,1.96920424752475
14-Jun-2021 18:59:07.000,2.12190389693438
14-Jun-2021 18:59:08.000,1.98312364
14-Jun-2021 18:59:09.000,2.12291846534653
14-Jun-2021 18:59:10.000,2.11923910891089
14-Jun-2021 18:59:11.000,2.29095127
14-Jun-2021 18:59:12.000,1.94260832673267
14-Jun-2021 18:59:13.000,1.61948061386139
14-Jun-2021 18:59:14.000,1.87181473267327
14-Jun-2021 18:59:15.000,1.70706844
14-Jun-2021 18:59:16.000,1.86210678217822
14-Jun-2021 18:59:17.000,1.61149512871287
14-Jun-2021 18:59:18.000,1.70605305940594
14-Jun-2021 18:59:19.000,1.78936391
14-Jun-2021 18:59:20.000,2.07020383139682
14-Jun-2021 18:59:21.000,1.97087844554455
14-Jun-2021 18:59:22.000,1.39412646910853
14-Jun-2021 18:59:23.000,1.329835
14-Jun-2021 18:59:24.000,1.41484550495049
14-Jun-2021 18:59:25.000,1.82017216831683
14-Jun-2021 18:59:26.000,1.6744915
14-Jun-2021 18:59:27.000,1.70502406930693
14-Jun-2021 18:59:28.000,1.70043711881188
14-Jun-2021 18:59:29.000,1.45545608910891
14-Jun-2021 18:59:30.000,1.725387
14-Jun-2021 18:59:31.000,1.51595405940594
14-Jun-2021 18:59:32.000,1.88103465346535
14-Jun-2021 18:59:33.000,1.81924096039604
14-Jun-2021 18:59:34.000,1.82685366151585
14-Jun-2021 18:59:35.000,1.79829175247525
14-Jun-2021 18:59:36.000,1.29541915841584
14-Jun-2021 18:59:37.000,1.430425
14-Jun-2021 18:59:38.000,1.88662203960396
14-Jun-2021 18:59:39.000,1.61543748514851
14-Jun-2021 18:59:40.000,1.86190396039604
14-Jun-2021 18:59:41.000,1.75238957
14-Jun-2021 18:59:42.000,1.86859823762376
14-Jun-2021 18:59:43.000,1.73259631683168
14-Jun-2021 18:59:44.000,1.83294452475248
14-Jun-2021 18:59:45.000,1.89837938
14-Jun-2021 18:59:46.000,1.71697099009901
14-Jun-2021 18:59:47.000,1.52302237623762
14-Jun-2021 18:59:48.000,1.35621975772527
14-Jun-2021 18:59:49.000,1.14693776
14-Jun-2021 18:59:50.000,0.91392099009901
14-Jun-2021 18:59:51.000,1.30961884158416
14-Jun-2021 18:59:52.000,1.6989494
14-Jun-2021 18:59:53.000,1.76530727722772
14-Jun-2021 18:59:54.000,1.36487364356436
14-Jun-2021 18:59:55.000,1.61153683168317
14-Jun-2021 18:59:56.000,1.4918321
14-Jun-2021 18:59:57.000,1.48975535643564
14-Jun-2021 18:59:58.000,1.56557942574257
14-Jun-2021 18:59:59.000,1.34745347524752
14-Jun-2021 19:00:00.000,1.42632056
14-Jun-2021 19:00:01.000,2.1589203
14-Jun-2021 19:00:02.000,1.77612363103853
14-Jun-2021 19:00:03.000,1.72364033663366
14-Jun-2021 19:00:04.000,2.01214976237624
14-Jun-2021 19:00:05.000,1.66775943564356
14-Jun-2021 19:00:06.000,1.45854143564356
14-Jun-2021 19:00:07.000,1.28494869306931
14-Jun-2021 19:00:08.000,1.08065211
14-Jun-2021 19:00:09.000,1.32857025742574
14-Jun-2021 19:00:10.000,1.4683144950495
14-Jun-2021 19:00:11.000,1.86278672277228
14-Jun-2021 19:00:12.000,1.40409232
14-Jun-2021 19:00:13.000,1.54839924752475
14-Jun-2021 19:00:14.000,1.43494254455446
14-Jun-2021 19:00:15.000,1.43849504950495
14-Jun-2021 19:00:16.000,1.16459466
14-Jun-2021 19:00:17.000,1.65298104950495
14-Jun-2021 19:00:18.000,1.92225497029703
14-Jun-2021 19:00:19.000,2.14695278
14-Jun-2021 19:00:20.000,1.69031208910891
14-Jun-2021 19:00:21.000,1.0824641980198
14-Jun-2021 19:00:22.000,1.53623324752475
14-Jun-2021 19:00:23.000,1.76777597
14-Jun-2021 19:00:24.000,1.71192694
14-Jun-2021 19:00:25.000,1.56251435643564
14-Jun-2021 19:00:26.000,1.18931677227723
14-Jun-2021 19:00:27.000,1.10201915841584
14-Jun-2021 19:00:28.000,1.18254381
14-Jun-2021 19:00:29.000,1.39547654455446
14-Jun-2021 19:00:30.000,1.37917050443661
14-Jun-2021 19:00:31.000,1.29739194059406
14-Jun-2021 19:00:32.000,1.92872076
14-Jun-2021 19:00:33.000,1.54467984158416
14-Jun-2021 19:00:34.000,1.8238160990099
14-Jun-2021 19:00:35.000,1.16693602
14-Jun-2021 19:00:36.000,1.10873230693069
14-Jun-2021 19:00:37.000,1.15969326732673
14-Jun-2021 19:00:38.000,1.37988832673267
14-Jun-2021 19:00:39.000,1.28829106930693
14-Jun-2021 19:00:40.000,1.14506175
14-Jun-2021 19:00:41.000,1.643514
14-Jun-2021 19:00:42.000,1.32163433663366
14-Jun-2021 19:00:43.000,1.65908563366337
14-Jun-2021 19:00:44.000,1.77448904804201
14-Jun-2021 19:00:45.000,1.69140083168317
14-Jun-2021 19:00:46.000,1.21295176237624
14-Jun-2021 19:00:47.000,1.29732358
14-Jun-2021 19:00:48.000,1.44858998019802
14-Jun-2021 19:00:49.000,1.46123145544554
14-Jun-2021 19:00:50.000,1.48563853465347
14-Jun-2021 19:00:51.000,1.57226452
14-Jun-2021 19:00:52.000,1.4462673960396
14-Jun-2021 19:00:53.000,1.49270665346535
14-Jun-2021 19:00:54.000,1.59430036633663
14-Jun-2021 19:00:55.000,1.44002679
14-Jun-2021 19:00:56.000,1.47700411881188
14-Jun-2021 19:00:57.000,1.57566795049505
14-Jun-2021 19:00:58.000,1.37638993287968
14-Jun-2021 19:00:59.000,1.1917315
14-Jun-2021 19:01:00.000,1.61612871287129
14-Jun-2021 19:01:01.000,1.47215263366337
14-Jun-2021 19:01:02.000,-0.56338204
14-Jun-2021 19:01:03.000,0.263072336633663
14-Jun-2021 19:01:04.000,0.968097900990099
14-Jun-2021 19:01:05.000,1.21628766336634
14-Jun-2021 19:01:06.000,1.913351
14-Jun-2021 19:01:07.000,2.35636563366337
14-Jun-2021 19:01:08.000,2.30341726732673
14-Jun-2021 19:01:09.000,1.19210766336634
14-Jun-2021 19:01:10.000,1.86899813
14-Jun-2021 19:01:11.000,2.00039399009901
14-Jun-2021 19:01:12.000,1.55688947683803
14-Jun-2021 19:01:13.000,1.49567747524752
14-Jun-2021 19:01:14.000,1.48743558
14-Jun-2021 19:01:15.000,1.55262476237624
14-Jun-2021 19:01:16.000,1.42508841584158
14-Jun-2021 19:01:17.000,1.56503432
14-Jun-2021 19:01:18.000,1.54516701980198
14-Jun-2021 19:01:19.000,1.46845096039604
14-Jun-2021 19:01:20.000,1.37836004950495
14-Jun-2021 19:01:21.000,1.38720164
14-Jun-2021 19:01:22.000,0.896877247524753
14-Jun-2021 19:01:23.000,1.26600168316832
14-Jun-2021 19:01:24.000,0.980396108910891
14-Jun-2021 19:01:25.000,1.6188669
14-Jun-2021 19:01:26.000,1.5003346039604
14-Jun-2021 19:01:27.000,1.19556812871287
14-Jun-2021 19:01:28.000,1.46141706930693
14-Jun-2021 19:01:29.000,0.926933405940594
14-Jun-2021 19:01:30.000,1.54571489108911
14-Jun-2021 19:01:31.000,1.32676240594059
14-Jun-2021 19:01:32.000,1.94586932
14-Jun-2021 19:01:33.000,1.09398925742574
14-Jun-2021 19:01:34.000,0.834530673267327
14-Jun-2021 19:01:35.000,1.16036205940594
14-Jun-2021 19:01:36.000,0.96975548
14-Jun-2021 19:01:37.000,0.99408295049505
14-Jun-2021 19:01:38.000,0.461146871287129
14-Jun-2021 19:01:39.000,0.823319148514852
14-Jun-2021 19:01:40.000,1.19372995
14-Jun-2021 19:01:41.000,1.74386796
14-Jun-2021 19:01:42.000,1.64235487128713
14-Jun-2021 19:01:43.000,2.17785378
14-Jun-2021 19:01:44.000,1.65590169
14-Jun-2021 19:01:45.000,1.52846381188119
14-Jun-2021 19:01:46.000,1.00245193069307
14-Jun-2021 19:01:47.000,0.721655316831683
14-Jun-2021 19:01:48.000,0.98934624
14-Jun-2021 19:01:49.000,0.141787574257426
14-Jun-2021 19:01:50.000,-0.633322475247525
14-Jun-2021 19:01:51.000,0.662972712871287
14-Jun-2021 19:01:52.000,1.06676383
14-Jun-2021 19:01:53.000,1.81794274257426
14-Jun-2021 19:01:54.000,2.65047907920792
14-Jun-2021 19:01:55.000,1.35628531683168
14-Jun-2021 19:01:56.000,2.950814
14-Jun-2021 19:01:57.000,3.20289845544554
14-Jun-2021 19:01:58.000,2.68077799009901
14-Jun-2021 19:01:59.000,1.3029517
14-Jun-2021 19:02:00.000,2.1529873960396
14-Jun-2021 19:02:01.000,2.01600040594059
14-Jun-2021 19:02:02.000,1.7840996039604
14-Jun-2021 19:02:03.000,1.7318985
14-Jun-2021 19:02:04.000,1.80059376237624
14-Jun-2021 19:02:05.000,1.26002304950495
14-Jun-2021 19:02:06.000,1.79952052475248
14-Jun-2021 19:02:07.000,1.16630895
14-Jun-2021 19:02:08.000,1.22105232673267
14-Jun-2021 19:02:09.000,-1.47030902970297
14-Jun-2021 19:02:10.000,-1.267863
14-Jun-2021 19:02:11.000,1.40598005940594
14-Jun-2021 19:02:12.000,1.01600089108911
14-Jun-2021 19:02:13.000,2.01010318811881
14-Jun-2021 19:02:14.000,2.92935319
14-Jun-2021 19:02:15.000,3.33081734653465
14-Jun-2021 19:02:16.000,2.7801093960396
14-Jun-2021 19:02:17.000,2.2708446039604
14-Jun-2021 19:02:18.000,1.81419736
14-Jun-2021 19:02:19.000,1.63922177227723
14-Jun-2021 19:02:20.000,1.44300542574257
14-Jun-2021 19:02:21.000,1.54591952475248
14-Jun-2021 19:02:22.000,1.58711995617412
14-Jun-2021 19:02:23.000,1.66791133663366
14-Jun-2021 19:02:24.000,1.14260520792079
14-Jun-2021 19:02:25.000,1.08579372
14-Jun-2021 19:02:26.000,0.133658465346535
14-Jun-2021 19:02:27.000,1.43558757425743
14-Jun-2021 19:02:28.000,1.47234726732673
14-Jun-2021 19:02:29.000,1.47544283
14-Jun-2021 19:02:30.000,1.36518026732673
14-Jun-2021 19:02:31.000,1.30659134653465
14-Jun-2021 19:02:32.000,1.76160234653465
14-Jun-2021 19:02:33.000,1.48278954
14-Jun-2021 19:02:34.000,1.35573275168291
14-Jun-2021 19:02:35.000,1.7008129258817
14-Jun-2021 19:02:36.000,1.80005552475248
14-Jun-2021 19:02:37.000,0.63078845
14-Jun-2021 19:02:38.000,1.48032084158416
14-Jun-2021 19:02:39.000,0.396644207920792
14-Jun-2021 19:02:40.000,1.14013748
14-Jun-2021 19:02:41.000,1.10927511881188
14-Jun-2021 19:02:42.000,1.27816994059406
14-Jun-2021 19:02:43.000,0.706757336633663
14-Jun-2021 19:02:44.000,1.27235415
14-Jun-2021 19:02:45.000,0.91966399009901
14-Jun-2021 19:02:46.000,0.895600712871287
14-Jun-2021 19:02:47.000,1.016689
14-Jun-2021 19:02:48.000,0.40848572
14-Jun-2021 19:02:49.000,1.17802510891089
14-Jun-2021 19:02:50.000,1.30825313861386
14-Jun-2021 19:02:51.000,2.4952053960396
14-Jun-2021 19:02:52.000,2.25803982
14-Jun-2021 19:02:53.000,2.48270428712871
14-Jun-2021 19:02:54.000,2.45799247524752
14-Jun-2021 19:02:55.000,1.20309735643564
14-Jun-2021 19:02:56.000,1.99243751
14-Jun-2021 19:02:57.000,1.69917335643564
14-Jun-2021 19:02:58.000,1.67604408910891
14-Jun-2021 19:02:59.000,1.705501
14-Jun-2021 19:03:00.000,1.6412768
14-Jun-2021 19:03:01.000,1.97544977227723
14-Jun-2021 19:03:02.000,1.45031624752475
14-Jun-2021 19:03:03.000,1.63005374961987
14-Jun-2021 19:03:04.000,1.7213497
14-Jun-2021 19:03:05.000,2.03421181188119
14-Jun-2021 19:03:06.000,1.57958985148515
14-Jun-2021 19:03:07.000,0.9121436
14-Jun-2021 19:03:08.000,0.803272683168317
14-Jun-2021 19:03:09.000,0.682076306930693
14-Jun-2021 19:03:10.000,1.21027146534653
14-Jun-2021 19:03:11.000,1.10273461
14-Jun-2021 19:03:12.000,0.610520742574257
14-Jun-2021 19:03:13.000,0.0404142079207921
14-Jun-2021 19:03:14.000,1.14363920792079
14-Jun-2021 19:03:15.000,0.978500801980198
14-Jun-2021 19:03:16.000,1.8465225
14-Jun-2021 19:03:17.000,2.43311876237624
14-Jun-2021 19:03:18.000,2.59372424752475
14-Jun-2021 19:03:19.000,2.046661
14-Jun-2021 19:03:20.000,1.88532952475248
14-Jun-2021 19:03:21.000,2.1030006039604
14-Jun-2021 19:03:22.000,2.1482394950495
14-Jun-2021 19:03:23.000,1.22325625
14-Jun-2021 19:03:24.000,1.66069828712871
14-Jun-2021 19:03:25.000,0.806716811881188
14-Jun-2021 19:03:26.000,1.18325987128713
14-Jun-2021 19:03:27.000,1.17866988
14-Jun-2021 19:03:28.000,0.78498704950495
14-Jun-2021 19:03:29.000,2.01726464356436
14-Jun-2021 19:03:30.000,3.24143678217822
14-Jun-2021 19:03:31.000,1.34886032
14-Jun-2021 19:03:32.000,2.2752085
14-Jun-2021 19:03:33.000,1.91761792079208
14-Jun-2021 19:03:34.000,2.26249076
14-Jun-2021 19:03:35.000,2.36179335
14-Jun-2021 19:03:36.000,1.93679004950495
14-Jun-2021 19:03:37.000,2.21976221782178
14-Jun-2021 19:03:38.000,2.10254683168317
14-Jun-2021 19:03:39.000,1.8765276
14-Jun-2021 19:03:40.000,1.98256028712871
14-Jun-2021 19:03:41.000,1.0777156039604
14-Jun-2021 19:03:42.000,1.39393684158416
14-Jun-2021 19:03:43.000,1.96383973
14-Jun-2021 19:03:44.000,1.42074598019802
14-Jun-2021 19:03:45.000,1.63864526732673
14-Jun-2021 19:03:46.000,1.61586879207921
14-Jun-2021 19:03:47.000,1.81012574
14-Jun-2021 19:03:48.000,1.26259923762376
14-Jun-2021 19:03:49.000,1.84884717821782
14-Jun-2021 19:03:50.000,1.48628149
14-Jun-2021 19:03:51.000,1.60051771287129
14-Jun-2021 19:03:52.000,0.875914514851485
14-Jun-2021 19:03:53.000,-0.120059376237624
14-Jun-2021 19:03:54.000,-0.42457744
14-Jun-2021 19:03:55.000,0.29328535
14-Jun-2021 19:03:56.000,1.03703768316832
14-Jun-2021 19:03:57.000,1.2301274950495
14-Jun-2021 19:03:58.000,1.32447536633663
14-Jun-2021 19:03:59.000,2.91701565200364
14-Jun-2021 19:04:00.000,2.20535654455446
14-Jun-2021 19:04:01.000,2.95698921782178
14-Jun-2021 19:04:02.000,2.46596455
14-Jun-2021 19:04:03.000,2.34846620792079
14-Jun-2021 19:04:04.000,2.50166491089109
14-Jun-2021 19:04:05.000,2.74496835643564
14-Jun-2021 19:04:06.000,2.3312162
14-Jun-2021 19:04:07.000,1.97285575247525
14-Jun-2021 19:04:08.000,1.73242317821782
14-Jun-2021 19:04:09.000,1.67600691089109
14-Jun-2021 19:04:10.000,1.26112909
14-Jun-2021 19:04:11.000,2.24954162376238
14-Jun-2021 19:04:12.000,1.23171876237624
14-Jun-2021 19:04:13.000,1.80922096365504
14-Jun-2021 19:04:14.000,1.7812662
14-Jun-2021 19:04:15.000,1.43936191089109
14-Jun-2021 19:04:16.000,1.64458113861386
14-Jun-2021 19:04:17.000,1.25936084
14-Jun-2021 19:04:18.000,1.5649356
14-Jun-2021 19:04:19.000,1.55362648514851
14-Jun-2021 19:04:20.000,1.37073962376238
14-Jun-2021 19:04:21.000,1.82380599009901
14-Jun-2021 19:04:22.000,1.3106968
14-Jun-2021 19:04:23.000,1.61730504950495
14-Jun-2021 19:04:24.000,1.79027543564356
14-Jun-2021 19:04:25.000,1.69577646534653
14-Jun-2021 19:04:26.000,1.68527086
14-Jun-2021 19:04:27.000,1.59093046534653
14-Jun-2021 19:04:28.000,1.57338873267327
14-Jun-2021 19:04:29.000,1.61604826732673
14-Jun-2021 19:04:30.000,1.37304976237624
14-Jun-2021 19:04:31.000,2.32545440594059
14-Jun-2021 19:04:32.000,1.82844055445545
14-Jun-2021 19:04:33.000,1.72964716
14-Jun-2021 19:04:34.000,1.3981403960396
14-Jun-2021 19:04:35.000,1.28578447524752
14-Jun-2021 19:04:36.000,1.59954538613861
14-Jun-2021 19:04:37.000,1.49394445
14-Jun-2021 19:04:38.000,1.67700002970297
14-Jun-2021 19:04:39.000,1.73361020792079
14-Jun-2021 19:04:40.000,1.55877662376238
14-Jun-2021 19:04:41.000,1.5620346
14-Jun-2021 19:04:42.000,1.29601251
14-Jun-2021 19:04:43.000,1.311573
14-Jun-2021 19:04:44.000,1.70741718
14-Jun-2021 19:04:45.000,1.62851188
14-Jun-2021 19:04:46.000,1.38445196039604
14-Jun-2021 19:04:47.000,1.19897379207921
14-Jun-2021 19:04:48.000,1.65833328712871
14-Jun-2021 19:04:49.000,1.95811416
14-Jun-2021 19:04:50.000,0.912111217821782
14-Jun-2021 19:04:51.000,1.68543421782178
14-Jun-2021 19:04:52.000,1.31635238613861
14-Jun-2021 19:04:53.000,1.26802488
14-Jun-2021 19:04:54.000,1.14548151485149
14-Jun-2021 19:04:55.000,1.57748473267327
14-Jun-2021 19:04:56.000,1.03263910891089
14-Jun-2021 19:04:57.000,1.44662101980198
14-Jun-2021 19:04:58.000,0.72712095049505
14-Jun-2021 19:04:59.000,0.894358821782178
14-Jun-2021 19:05:00.000,1.11847746
14-Jun-2021 19:05:01.000,0.937659465346535
14-Jun-2021 19:05:02.000,1.20373725742574
14-Jun-2021 19:05:03.000,1.20892020792079
14-Jun-2021 19:05:04.000,1.10010097029703
14-Jun-2021 19:05:05.000,0.91454704
14-Jun-2021 19:05:06.000,0.988830603960396
14-Jun-2021 19:05:07.000,0.855533396039604
14-Jun-2021 19:05:08.000,1.01446262376238
14-Jun-2021 19:05:09.000,1.00484480199668
14-Jun-2021 19:05:10.000,1.37770426732673
14-Jun-2021 19:05:11.000,1.52091030693069
14-Jun-2021 19:05:12.000,1.26818088
14-Jun-2021 19:05:13.000,1.41148010891089
14-Jun-2021 19:05:14.000,0.930599574257426
14-Jun-2021 19:05:15.000,1.11618415841584
14-Jun-2021 19:05:16.000,1.9210076
14-Jun-2021 19:05:17.000,2.04937632
14-Jun-2021 19:05:18.000,1.97579207920792
14-Jun-2021 19:05:19.000,1.90153743564356
14-Jun-2021 19:05:20.000,1.84824807920792
14-Jun-2021 19:05:21.000,1.80847184
14-Jun-2021 19:05:22.000,1.78128286138614
14-Jun-2021 19:05:23.000,1.70324436633663
14-Jun-2021 19:05:24.000,1.68299765346535
14-Jun-2021 19:05:25.000,1.66005805940594
14-Jun-2021 19:05:26.000,1.67997098019802
14-Jun-2021 19:05:27.000,1.6657153960396
14-Jun-2021 19:05:28.000,1.72198308
14-Jun-2021 19:05:29.000,1.93537756435644
14-Jun-2021 19:05:30.000,1.99540092079208
14-Jun-2021 19:05:31.000,2.03754055445545
14-Jun-2021 19:05:32.000,2.03480908910891
14-Jun-2021 19:05:33.000,1.93035546
14-Jun-2021 19:05:34.000,1.86634565346535
14-Jun-2021 19:05:35.000,1.80516151485149
14-Jun-2021 19:05:36.000,1.79710321782178
14-Jun-2021 19:05:37.000,1.6572518
14-Jun-2021 19:05:38.000,1.65837295536321
14-Jun-2021 19:05:39.000,1.82194462376238
14-Jun-2021 19:05:40.000,1.85730627
14-Jun-2021 19:05:41.000,1.91321727722772
14-Jun-2021 19:05:42.000,2.04262274257426
14-Jun-2021 19:05:43.000,2.03970112871287
14-Jun-2021 19:05:44.000,1.9319198019802
14-Jun-2021 19:05:45.000,1.88928895
14-Jun-2021 19:05:46.000,1.79922913861386
14-Jun-2021 19:05:47.000,1.71498694059406
14-Jun-2021 19:05:48.000,1.70498701980198
14-Jun-2021 19:05:49.000,1.74325086
14-Jun-2021 19:05:50.000,1.84036459405941
14-Jun-2021 19:05:51.000,1.91823007920792
14-Jun-2021 19:05:52.000,2.00655091089109
14-Jun-2021 19:05:53.000,2.01763623762376
14-Jun-2021 19:05:54.000,2.031943
14-Jun-2021 19:05:55.000,1.890628
14-Jun-2021 19:05:56.000,1.80313379207921
14-Jun-2021 19:05:57.000,1.69044861
14-Jun-2021 19:05:58.000,1.70091578217822
14-Jun-2021 19:05:59.000,1.76826400990099
14-Jun-2021 19:06:00.000,1.96278211881188
14-Jun-2021 19:06:01.000,1.9730472
14-Jun-2021 19:06:02.000,2.04183837623762
14-Jun-2021 19:06:03.000,2.00903563366337
14-Jun-2021 19:06:04.000,1.8715845049505
14-Jun-2021 19:06:05.000,1.7986823
14-Jun-2021 19:06:06.000,1.72413832
14-Jun-2021 19:06:07.000,1.66255546534653
14-Jun-2021 19:06:08.000,1.71915094593406
14-Jun-2021 19:06:09.000,1.98040312
14-Jun-2021 19:06:10.000,2.06244097029703
14-Jun-2021 19:06:11.000,4.29328176237624
14-Jun-2021 19:06:12.000,3.37703405940594
14-Jun-2021 19:06:13.000,1.40094866
14-Jun-2021 19:06:14.000,2.72241992079208
14-Jun-2021 19:06:15.000,1.26897363366337
14-Jun-2021 19:06:16.000,0.937771534653465
14-Jun-2021 19:06:17.000,1.31758973267327
14-Jun-2021 19:06:18.000,2.40335436
14-Jun-2021 19:06:19.000,2.54508431683168
14-Jun-2021 19:06:20.000,2.84124918811881
14-Jun-2021 19:06:21.000,2.96772839
14-Jun-2021 19:06:22.000,3.26880494208739
14-Jun-2021 19:06:23.000,3.02924655445545
14-Jun-2021 19:06:24.000,0.87544602970297
14-Jun-2021 19:06:25.000,1.806545
14-Jun-2021 19:06:26.000,1.78142151485149
14-Jun-2021 19:06:27.000,1.8304962970297
14-Jun-2021 19:06:28.000,1.75321812871287
14-Jun-2021 19:06:29.000,2.03985008
14-Jun-2021 19:06:30.000,2.02322292
14-Jun-2021 19:06:31.000,2.08803583168317
14-Jun-2021 19:06:32.000,1.56911433663366
14-Jun-2021 19:06:33.000,1.7810123960396
14-Jun-2021 19:06:34.000,1.63438063
14-Jun-2021 19:06:35.000,2.2164063960396
14-Jun-2021 19:06:36.000,1.42962556057291
14-Jun-2021 19:06:37.000,1.90106762
14-Jun-2021 19:06:38.000,1.45677481188119
14-Jun-2021 19:06:39.000,1.56923391089109
14-Jun-2021 19:06:40.000,1.2774300990099
14-Jun-2021 19:06:41.000,1.31434191
14-Jun-2021 19:06:42.000,1.17750816831683
14-Jun-2021 19:06:43.000,0.895043623762376
14-Jun-2021 19:06:44.000,1.07560969306931
14-Jun-2021 19:06:45.000,1.38800430693069
14-Jun-2021 19:06:46.000,1.33382935
14-Jun-2021 19:06:47.000,1.25685926732673
14-Jun-2021 19:06:48.000,1.11845288118812
14-Jun-2021 19:06:49.000,0.28780316
14-Jun-2021 19:06:50.000,0.272725872086784
14-Jun-2021 19:06:51.000,0.102104138613861
14-Jun-2021 19:06:52.000,-0.279291118811881
14-Jun-2021 19:06:53.000,0.0651658
14-Jun-2021 19:06:54.000,0.636040722772277
14-Jun-2021 19:06:55.000,1.76989422772277
14-Jun-2021 19:06:56.000,1.89171717821782
14-Jun-2021 19:06:57.000,1.70055662
14-Jun-2021 19:06:58.000,1.53084431
14-Jun-2021 19:06:59.000,1.73411144554455
14-Jun-2021 19:07:00.000,1.41456923762376
14-Jun-2021 19:07:01.000,1.81090173267327
14-Jun-2021 19:07:02.000,1.72070792
14-Jun-2021 19:07:03.000,1.21598812871287
14-Jun-2021 19:07:04.000,1.40079783168317
14-Jun-2021 19:07:05.000,1.7945894
14-Jun-2021 19:07:06.000,2.34288602970297
14-Jun-2021 19:07:07.000,2.16193943564356
14-Jun-2021 19:07:08.000,2.01965193069307
14-Jun-2021 19:07:09.000,2.46469108
14-Jun-2021 19:07:10.000,2.69816410891089
14-Jun-2021 19:07:11.000,2.64602264356436
14-Jun-2021 19:07:12.000,2.1151832970297
14-Jun-2021 19:07:13.000,1.53295775
14-Jun-2021 19:07:14.000,1.73988813861386
14-Jun-2021 19:07:15.000,1.81039317821782
14-Jun-2021 19:07:16.000,1.70870398019802
14-Jun-2021 19:07:17.000,1.88328996039604
14-Jun-2021 19:07:18.000,1.54921579480418
14-Jun-2021 19:07:19.000,1.87668851485149
14-Jun-2021 19:07:20.000,1.83292301
14-Jun-2021 19:07:21.000,1.804106
14-Jun-2021 19:07:22.000,2.06500000990099
14-Jun-2021 19:07:23.000,1.50636062376238
14-Jun-2021 19:07:24.000,1.97858528
14-Jun-2021 19:07:25.000,1.4434588
14-Jun-2021 19:07:26.000,1.92763622772277
14-Jun-2021 19:07:27.000,1.94205564356436
14-Jun-2021 19:07:28.000,1.8063686
14-Jun-2021 19:07:29.000,1.94473152
14-Jun-2021 19:07:30.000,2.06756742574257
14-Jun-2021 19:07:31.000,2.18670088
14-Jun-2021 19:07:32.000,1.96157017340244
14-Jun-2021 19:07:33.000,1.5269096039604
14-Jun-2021 19:07:34.000,1.23792552475248
14-Jun-2021 19:07:35.000,1.36128517821782
14-Jun-2021 19:07:36.000,1.46021064
14-Jun-2021 19:07:37.000,1.6939356039604
14-Jun-2021 19:07:38.000,1.56893533663366
14-Jun-2021 19:07:39.000,1.34558453465347
14-Jun-2021 19:07:40.000,1.17531348
14-Jun-2021 19:07:41.000,1.85928835643564
14-Jun-2021 19:07:42.000,1.75010142574257
14-Jun-2021 19:07:43.000,1.40515640594059
14-Jun-2021 19:07:44.000,1.567091
14-Jun-2021 19:07:45.000,1.47986132673267
14-Jun-2021 19:07:46.000,1.57515929539614
14-Jun-2021 19:07:47.000,2.37968538
14-Jun-2021 19:07:48.000,1.77819705940594
14-Jun-2021 19:07:49.000,1.60488368316832
14-Jun-2021 19:07:50.000,1.68328693069307
14-Jun-2021 19:07:51.000,1.525852
14-Jun-2021 19:07:52.000,2.08404035643564
14-Jun-2021 19:07:53.000,1.49041334653465
14-Jun-2021 19:07:54.000,1.39599113861386
14-Jun-2021 19:07:55.000,1.83448579
14-Jun-2021 19:07:56.000,1.65186210891089
14-Jun-2021 19:07:57.000,1.92396262376238
14-Jun-2021 19:07:58.000,1.908531
14-Jun-2021 19:07:59.000,1.66699745544554
14-Jun-2021 19:08:00.000,1.48272460143045
14-Jun-2021 19:08:01.000,1.61977389108911
14-Jun-2021 19:08:02.000,1.5347754
14-Jun-2021 19:08:03.000,1.49133098019802
14-Jun-2021 19:08:04.000,1.51833278217822
14-Jun-2021 19:08:05.000,1.68897403
14-Jun-2021 19:08:06.000,1.69290204950495
14-Jun-2021 19:08:07.000,1.70097816831683
14-Jun-2021 19:08:08.000,1.6643623960396
14-Jun-2021 19:08:09.000,1.5490384
14-Jun-2021 19:08:10.000,1.90122445544554
14-Jun-2021 19:08:11.000,1.46993465346535
14-Jun-2021 19:08:12.000,1.59859479
14-Jun-2021 19:08:13.000,1.42995854455446
14-Jun-2021 19:08:14.000,1.53705308910891
14-Jun-2021 19:08:15.000,1.90203791089109
14-Jun-2021 19:08:16.000,1.7093857
14-Jun-2021 19:08:17.000,1.45477858415842
14-Jun-2021 19:08:18.000,1.74809859405941
14-Jun-2021 19:08:19.000,1.51143799009901
14-Jun-2021 19:08:20.000,1.22723371
14-Jun-2021 19:08:21.000,1.65683483168317
14-Jun-2021 19:08:22.000,1.68933508910891
14-Jun-2021 19:08:23.000,0.521392930693069
14-Jun-2021 19:08:24.000,1.34216864
14-Jun-2021 19:08:25.000,1.14981251485149
14-Jun-2021 19:08:26.000,1.10227647524752
14-Jun-2021 19:08:27.000,2.07291446
14-Jun-2021 19:08:28.000,1.87427940594059
14-Jun-2021 19:08:29.000,2.20212899009901
14-Jun-2021 19:08:30.000,2.2385332
14-Jun-2021 19:08:31.000,2.06235663366337
14-Jun-2021 19:08:32.000,1.56624201980198
14-Jun-2021 19:08:33.000,1.64641167326733
14-Jun-2021 19:08:34.000,1.4061162
14-Jun-2021 19:08:35.000,1.79329788118812
14-Jun-2021 19:08:36.000,1.79795579207921
14-Jun-2021 19:08:37.000,1.54094947524752
14-Jun-2021 19:08:38.000,1.69201507
14-Jun-2021 19:08:39.000,0.946179257425742
14-Jun-2021 19:08:40.000,1.27740064356436
14-Jun-2021 19:08:41.000,1.4926511
14-Jun-2021 19:08:42.000,1.44569172277228
14-Jun-2021 19:08:43.000,1.91691642574257
14-Jun-2021 19:08:44.000,1.6940208
14-Jun-2021 19:08:45.000,1.87463613861386
14-Jun-2021 19:08:46.000,1.85509663366337
14-Jun-2021 19:08:47.000,1.49369075247525
14-Jun-2021 19:08:48.000,1.65071165
14-Jun-2021 19:08:49.000,1.28322067326733
14-Jun-2021 19:08:50.000,1.73419582178218
14-Jun-2021 19:08:51.000,1.52380122772277
14-Jun-2021 19:08:52.000,1.3423481
14-Jun-2021 19:08:53.000,1.75358143564356
14-Jun-2021 19:08:54.000,1.81548362376238
14-Jun-2021 19:08:55.000,1.62511934
14-Jun-2021 19:08:56.000,1.55935748514851
14-Jun-2021 19:08:57.000,1.63467317821782
14-Jun-2021 19:08:58.000,1.6257704
14-Jun-2021 19:08:59.000,0.977364920792079
14-Jun-2021 19:09:00.000,1.93308884158416
14-Jun-2021 19:09:01.000,1.90461377227723
14-Jun-2021 19:09:02.000,1.91260906
14-Jun-2021 19:09:03.000,1.25500811881188
14-Jun-2021 19:09:04.000,1.61425178217822
14-Jun-2021 19:09:05.000,1.08163267975275
14-Jun-2021 19:09:06.000,1.80473188118812
14-Jun-2021 19:09:07.000,1.7239234950495
14-Jun-2021 19:09:08.000,1.74358925
14-Jun-2021 19:09:09.000,1.76055605940594
14-Jun-2021 19:09:10.000,1.46929533663366
14-Jun-2021 19:09:11.000,1.4918347029703
14-Jun-2021 19:09:12.000,1.78164618
14-Jun-2021 19:09:13.000,1.71427800990099
14-Jun-2021 19:09:14.000,1.38728093069307
14-Jun-2021 19:09:15.000,1.287425
14-Jun-2021 19:09:16.000,1.8214801980198
14-Jun-2021 19:09:17.000,1.29959578217822
14-Jun-2021 19:09:18.000,2.18349186138614
14-Jun-2021 19:09:19.000,1.8321751
14-Jun-2021 19:09:20.000,2.3935644950495
14-Jun-2021 19:09:21.000,1.6848219009901
14-Jun-2021 19:09:22.000,1.88298874
14-Jun-2021 19:09:23.000,1.41096164356436
14-Jun-2021 19:09:24.000,1.59166381188119
14-Jun-2021 19:09:25.000,1.78252282178218
14-Jun-2021 19:09:26.000,1.74177045
14-Jun-2021 19:09:27.000,1.75899054455446
14-Jun-2021 19:09:28.000,1.72045525742574
14-Jun-2021 19:09:29.000,1.4541520990099
14-Jun-2021 19:09:30.000,1.416379
14-Jun-2021 19:09:31.000,1.42551216831683
14-Jun-2021 19:09:32.000,1.7989917029703
14-Jun-2021 19:09:33.000,1.52378378217822
14-Jun-2021 19:09:34.000,1.43096456
14-Jun-2021 19:09:35.000,1.360072
14-Jun-2021 19:09:36.000,1.58803135643564
14-Jun-2021 19:09:37.000,1.4026491
14-Jun-2021 19:09:38.000,1.58139766336634
14-Jun-2021 19:09:39.000,1.05195584158416
14-Jun-2021 19:09:40.000,1.40525979207921
14-Jun-2021 19:09:41.000,1.45847132
14-Jun-2021 19:09:42.000,1.51325184158416
14-Jun-2021 19:09:43.000,1.27293793069307
14-Jun-2021 19:09:44.000,1.5957704950495
14-Jun-2021 19:09:45.000,1.7061456
14-Jun-2021 19:09:46.000,0.987105158415842
14-Jun-2021 19:09:47.000,1.58247827722772
14-Jun-2021 19:09:48.000,1.2012167029703
14-Jun-2021 19:09:49.000,2.01529174257426
14-Jun-2021 19:09:50.000,1.23753457425743
14-Jun-2021 19:09:51.000,1.99607064356436
14-Jun-2021 19:09:52.000,2.00552364
14-Jun-2021 19:09:53.000,1.76934603960396
14-Jun-2021 19:09:54.000,1.62688999009901
14-Jun-2021 19:09:55.000,1.66568155445545
14-Jun-2021 19:09:56.000,1.28994102
14-Jun-2021 19:09:57.000,1.58662669306931
14-Jun-2021 19:09:58.000,1.44810337623762
14-Jun-2021 19:09:59.000,1.81065844554455
14-Jun-2021 19:10:00.000,1.58703
14-Jun-2021 19:10:01.000,0.957363287128713
14-Jun-2021 19:10:02.000,1.71784127722772
14-Jun-2021 19:10:03.000,1.81234746
14-Jun-2021 19:10:04.000,1.07238765346535
14-Jun-2021 19:10:05.000,1.65569032673267
14-Jun-2021 19:10:06.000,1.07798233663366
14-Jun-2021 19:10:07.000,-1.5640675
14-Jun-2021 19:10:08.000,-3.94179314851485
14-Jun-2021 19:10:09.000,-1.10737189108911
14-Jun-2021 19:10:10.000,1.34017169306931
14-Jun-2021 19:10:11.000,1.81929892
14-Jun-2021 19:10:12.000,2.64786301980198
14-Jun-2021 19:10:13.000,2.88872100990099
14-Jun-2021 19:10:14.000,2.83382143
14-Jun-2021 19:10:15.000,2.99373248
14-Jun-2021 19:10:16.000,1.88173214851485
14-Jun-2021 19:10:17.000,2.84156756
14-Jun-2021 19:10:18.000,2.27257838613861
14-Jun-2021 19:10:19.000,2.64545881188119
14-Jun-2021 19:10:20.000,2.63969861386139
14-Jun-2021 19:10:21.000,2.53606345
14-Jun-2021 19:10:22.000,1.12162630693069
14-Jun-2021 19:10:23.000,1.84704938613861
14-Jun-2021 19:10:24.000,2.13629264356436
14-Jun-2021 19:10:25.000,1.8627866
14-Jun-2021 19:10:26.000,2.13238358415842
14-Jun-2021 19:10:27.000,2.25813532365844
14-Jun-2021 19:10:28.000,1.89996198019802
14-Jun-2021 19:10:29.000,2.07836376
14-Jun-2021 19:10:30.000,2.6765478
14-Jun-2021 19:10:31.000,1.89013017821782
14-Jun-2021 19:10:32.000,1.8859729
14-Jun-2021 19:10:33.000,2.08500334
14-Jun-2021 19:10:34.000,1.98082971287129
14-Jun-2021 19:10:35.000,1.39513741584158
14-Jun-2021 19:10:36.000,1.32840751485149
14-Jun-2021 19:10:37.000,0.8684097
14-Jun-2021 19:10:38.000,2.07473134653465
14-Jun-2021 19:10:39.000,1.50841478217822
14-Jun-2021 19:10:40.000,1.92090343564356
14-Jun-2021 19:10:41.000,1.153277
14-Jun-2021 19:10:42.000,-0.0549388217821782
14-Jun-2021 19:10:43.000,0.296714396039604
14-Jun-2021 19:10:44.000,1.70034713861386
14-Jun-2021 19:10:45.000,1.69487178217822
14-Jun-2021 19:10:46.000,1.36513286138614
14-Jun-2021 19:10:47.000,1.06514676237624
14-Jun-2021 19:10:48.000,1.14927225
14-Jun-2021 19:10:49.000,1.28684725742574
14-Jun-2021 19:10:50.000,1.37615224752475
14-Jun-2021 19:10:51.000,1.94593533663366
14-Jun-2021 19:10:52.000,1.69238046
14-Jun-2021 19:10:53.000,1.69558920792079
14-Jun-2021 19:10:54.000,1.96911836633663
14-Jun-2021 19:10:55.000,1.54210712388953
14-Jun-2021 19:10:56.000,1.84324624
14-Jun-2021 19:10:57.000,1.69256574257426
14-Jun-2021 19:10:58.000,1.19181464356436
14-Jun-2021 19:10:59.000,1.40577476
14-Jun-2021 19:11:00.000,1.10400301980198
14-Jun-2021 19:11:01.000,1.66138442574257
14-Jun-2021 19:11:02.000,1.49588979207921
14-Jun-2021 19:11:03.000,2.60352959
14-Jun-2021 19:11:04.000,1.99743593069307
14-Jun-2021 19:11:05.000,1.58153858415842
14-Jun-2021 19:11:06.000,0.565418603960396
14-Jun-2021 19:11:07.000,2.54457056
14-Jun-2021 19:11:08.000,1.4398559009901
14-Jun-2021 19:11:09.000,2.07843375247525
14-Jun-2021 19:11:10.000,1.80160284158416
14-Jun-2021 19:11:11.000,1.60714005
14-Jun-2021 19:11:12.000,0.15815766
14-Jun-2021 19:11:13.000,1.93485743564356
14-Jun-2021 19:11:14.000,1.24968524
14-Jun-2021 19:11:15.000,1.0682506
14-Jun-2021 19:11:16.000,1.41253269306931
14-Jun-2021 19:11:17.000,1.30474628712871
14-Jun-2021 19:11:18.000,1.44454581
14-Jun-2021 19:11:19.000,1.87476124
14-Jun-2021 19:11:20.000,2.50995486138614
14-Jun-2021 19:11:21.000,1.92813040594059
14-Jun-2021 19:11:22.000,1.5439794
14-Jun-2021 19:11:23.000,1.37955085148515
14-Jun-2021 19:11:24.000,1.59713976237624
14-Jun-2021 19:11:25.000,1.77537386138614
14-Jun-2021 19:11:26.000,1.48394508
14-Jun-2021 19:11:27.000,1.24801399009901
14-Jun-2021 19:11:28.000,1.28929552475248
14-Jun-2021 19:11:29.000,1.368095
14-Jun-2021 19:11:30.000,1.60460241584158
14-Jun-2021 19:11:31.000,0.929805594059406
14-Jun-2021 19:11:32.000,1.33362264356436
14-Jun-2021 19:11:33.000,1.52676965
14-Jun-2021 19:11:34.000,1.34428922772277
14-Jun-2021 19:11:35.000,1.41097495049505
14-Jun-2021 19:11:36.000,1.81896997029703
14-Jun-2021 19:11:37.000,1.82921688
14-Jun-2021 19:11:38.000,1.5274764
14-Jun-2021 19:11:39.000,1.69496705940594
14-Jun-2021 19:11:40.000,1.64116638613861
14-Jun-2021 19:11:41.000,2.55508492
14-Jun-2021 19:11:42.000,1.03870047524752
14-Jun-2021 19:11:43.000,2.03260972277228
14-Jun-2021 19:11:44.000,1.81609457425743
14-Jun-2021 19:11:45.000,1.48898365
14-Jun-2021 19:11:46.000,1.35013424752475
14-Jun-2021 19:11:47.000,1.62858067326733
14-Jun-2021 19:11:48.000,1.71602157425743
14-Jun-2021 19:11:49.000,1.53389008
14-Jun-2021 19:11:50.000,1.68335006930693
14-Jun-2021 19:11:51.000,1.93338981948873
14-Jun-2021 19:11:52.000,1.44003644554455
14-Jun-2021 19:11:53.000,1.75833226
14-Jun-2021 19:11:54.000,1.921704
14-Jun-2021 19:11:55.000,2.03118410891089
14-Jun-2021 19:11:56.000,1.17185302
14-Jun-2021 19:11:57.000,1.51629754455446
14-Jun-2021 19:11:58.000,1.45747585148515
14-Jun-2021 19:11:59.000,1.59928028712871
14-Jun-2021 19:12:00.000,1.74706491
14-Jun-2021 19:12:01.000,1.49549279207921
14-Jun-2021 19:12:02.000,1.59041589108911
14-Jun-2021 19:12:03.000,1.83446634653465
14-Jun-2021 19:12:04.000,1.45271748
14-Jun-2021 19:12:05.000,1.27124530693069
14-Jun-2021 19:12:06.000,1.79502533663366
14-Jun-2021 19:12:07.000,1.89576759405941
14-Jun-2021 19:12:08.000,2.40782144554455
14-Jun-2021 19:12:09.000,2.04940599009901
14-Jun-2021 19:12:10.000,1.87212845544554
14-Jun-2021 19:12:11.000,1.79710886
14-Jun-2021 19:12:12.000,1.76833251
14-Jun-2021 19:12:13.000,1.40433195049505
14-Jun-2021 19:12:14.000,1.47346041584158
14-Jun-2021 19:12:15.000,1.49828633663366
14-Jun-2021 19:12:16.000,1.87648878
14-Jun-2021 19:12:17.000,1.66086183168317
14-Jun-2021 19:12:18.000,1.34242814851485
14-Jun-2021 19:12:19.000,1.70176957425743
14-Jun-2021 19:12:20.000,1.51010303
14-Jun-2021 19:12:21.000,-0.0802758910891089
14-Jun-2021 19:12:22.000,-0.357631514851485
14-Jun-2021 19:12:23.000,0.54432168
14-Jun-2021 19:12:24.000,0.555133297029703
14-Jun-2021 19:12:25.000,0.0209018118811881
14-Jun-2021 19:12:26.000,0.682546287128713
14-Jun-2021 19:12:27.000,0.81252863
14-Jun-2021 19:12:28.000,0.638070940594059
14-Jun-2021 19:12:29.000,0.794036346534653
14-Jun-2021 19:12:30.000,1.46992241584158
14-Jun-2021 19:12:31.000,0.933652861386139
14-Jun-2021 19:12:32.000,0.935462731200305
14-Jun-2021 19:12:33.000,1.74436016831683
14-Jun-2021 19:12:34.000,1.62311027722772
14-Jun-2021 19:12:35.000,1.62641362376238
14-Jun-2021 19:12:36.000,1.59559614851485
14-Jun-2021 19:12:37.000,1.58810061386139
14-Jun-2021 19:12:38.000,1.61254952475248
14-Jun-2021 19:12:39.000,1.65154408
14-Jun-2021 19:12:40.000,1.70753801980198
14-Jun-2021 19:12:41.000,1.78657635643564
14-Jun-2021 19:12:42.000,1.78150208910891
14-Jun-2021 19:12:43.000,1.8364892
14-Jun-2021 19:12:44.000,1.87426997029703
14-Jun-2021 19:12:45.000,1.92885798019802
14-Jun-2021 19:12:46.000,1.92576
14-Jun-2021 19:12:47.000,1.88640456
14-Jun-2021 19:12:48.000,1.81800564
14-Jun-2021 19:12:49.000,1.67739287128713
14-Jun-2021 19:12:50.000,1.59102958
14-Jun-2021 19:12:51.000,1.56012916
14-Jun-2021 19:12:52.000,1.56820458415842
14-Jun-2021 19:12:53.000,1.5926539009901
14-Jun-2021 19:12:54.000,1.69393558415842
14-Jun-2021 19:12:55.000,1.81348484
14-Jun-2021 19:12:56.000,1.85570424752475
14-Jun-2021 19:12:57.000,1.86549932673267
14-Jun-2021 19:12:58.000,3.40685899009901
14-Jun-2021 19:12:59.000,2.83219011
14-Jun-2021 19:13:00.000,3.06499330693069
14-Jun-2021 19:13:01.000,2.14309184158416
14-Jun-2021 19:13:02.000,3.39286528712871
14-Jun-2021 19:13:03.000,3.13634956
14-Jun-2021 19:13:04.000,3.16577401980198
14-Jun-2021 19:13:05.000,2.86878853465347
14-Jun-2021 19:13:06.000,1.59110598
14-Jun-2021 19:13:07.000,2.21295982178218
14-Jun-2021 19:13:08.000,2.29375699009901
14-Jun-2021 19:13:09.000,2.2876169009901
14-Jun-2021 19:13:10.000,2.21200418
14-Jun-2021 19:13:11.000,1.93607537623762
14-Jun-2021 19:13:12.000,1.79579368316832
14-Jun-2021 19:13:13.000,1.53649679207921
14-Jun-2021 19:13:14.000,1.87541225
14-Jun-2021 19:13:15.000,1.86492664
14-Jun-2021 19:13:16.000,2.18244393069307
14-Jun-2021 19:13:17.000,1.93450464356436
14-Jun-2021 19:13:18.000,1.53541706
14-Jun-2021 19:13:19.000,1.81991995049505
14-Jun-2021 19:13:20.000,1.67887296039604
14-Jun-2021 19:13:21.000,2.53228743564356
14-Jun-2021 19:13:22.000,1.61521288
14-Jun-2021 19:13:23.000,1.85788606930693
14-Jun-2021 19:13:24.000,1.73402663366337
14-Jun-2021 19:13:25.000,1.07517418811881
14-Jun-2021 19:13:26.000,1.42336612
14-Jun-2021 19:13:27.000,1.094889
14-Jun-2021 19:13:28.000,1.11188957425743
14-Jun-2021 19:13:29.000,0.253768550552672
14-Jun-2021 19:13:30.000,0.126591994331874
14-Jun-2021 19:13:31.000,-0.3974084
14-Jun-2021 19:13:32.000,0.096641
14-Jun-2021 19:13:33.000,-0.0267276633663366
14-Jun-2021 19:13:34.000,1.70417056
14-Jun-2021 19:13:35.000,1.97117543564356
14-Jun-2021 19:13:36.000,2.62377816831683
14-Jun-2021 19:13:37.000,2.56385025742574
14-Jun-2021 19:13:38.000,0.65818114
14-Jun-2021 19:13:39.000,0.834416821782178
14-Jun-2021 19:13:40.000,2.10007185148515
14-Jun-2021 19:13:41.000,0.942736811881188
14-Jun-2021 19:13:42.000,1.63084664
14-Jun-2021 19:13:43.000,1.60425137623762
14-Jun-2021 19:13:44.000,1.81325099009901
14-Jun-2021 19:13:45.000,1.40821857425743
14-Jun-2021 19:13:46.000,1.53208745544554
14-Jun-2021 19:13:47.000,1.55818706930693
14-Jun-2021 19:13:48.000,1.73897373267327
14-Jun-2021 19:13:49.000,1.57602154
14-Jun-2021 19:13:50.000,1.28493700990099
14-Jun-2021 19:13:51.000,1.27618679207921
14-Jun-2021 19:13:52.000,1.27901023762376
14-Jun-2021 19:13:53.000,1.21738085
14-Jun-2021 19:13:54.000,1.07973431683168
14-Jun-2021 19:13:55.000,1.05103559405941
14-Jun-2021 19:13:56.000,0.672723148514851
14-Jun-2021 19:13:57.000,0.42820572
14-Jun-2021 19:13:58.000,1.48327317821782
14-Jun-2021 19:13:59.000,1.66203849504951
14-Jun-2021 19:14:00.000,2.3493423
14-Jun-2021 19:14:01.000,1.84815885148515
14-Jun-2021 19:14:02.000,1.55882578217822
14-Jun-2021 19:14:03.000,0.868273277227723
14-Jun-2021 19:14:04.000,1.4352635
14-Jun-2021 19:14:05.000,1.59415645544554
14-Jun-2021 19:14:06.000,0.792174861386139
14-Jun-2021 19:14:07.000,1.23154857425743
14-Jun-2021 19:14:08.000,1.86019931
14-Jun-2021 19:14:09.000,1.16573473267327
14-Jun-2021 19:14:10.000,1.31125389751375
14-Jun-2021 19:14:11.000,2.06159496039604
14-Jun-2021 19:14:12.000,2.6864814
14-Jun-2021 19:14:13.000,1.63117676237624
14-Jun-2021 19:14:14.000,1.54363595049505
14-Jun-2021 19:14:15.000,1.7402091
