Timestamp,speed
14-Jun-2021 18:36:08.977,2.649
14-Jun-2021 18:36:09.977,2.491
14-Jun-2021 18:36:10.977,3.311
14-Jun-2021 18:36:11.977,3.311
14-Jun-2021 18:36:12.977,3.311
14-Jun-2021 18:36:13.977,4.309
14-Jun-2021 18:36:14.977,4.919
14-Jun-2021 18:36:15.977,5.293
14-Jun-2021 18:36:16.936,5.293
14-Jun-2021 18:36:17.936,5.539
14-Jun-2021 18:36:18.936,5.539
14-Jun-2021 18:36:19.936,4.658
14-Jun-2021 18:36:20.936,4.658
14-Jun-2021 18:36:21.936,4.466
14-Jun-2021 18:36:22.936,3.287
14-Jun-2021 18:36:23.936,1.363
14-Jun-2021 18:36:24.936,0.925
14-Jun-2021 18:36:25.936,3.311
14-Jun-2021 18:36:26.999,3.311
14-Jun-2021 18:36:27.999,4.052
14-Jun-2021 18:36:28.999,6.99
14-Jun-2021 18:36:29.999,8.671
14-Jun-2021 18:36:30.999,8.671
14-Jun-2021 18:36:31.999,9.258
14-Jun-2021 18:36:32.999,9.892
14-Jun-2021 18:36:33.999,10.719
14-Jun-2021 18:36:34.999,10.719
14-Jun-2021 18:36:35.999,10.725
14-Jun-2021 18:36:36.999,11.701
14-Jun-2021 18:36:37.999,11.891
14-Jun-2021 18:36:38.999,11.758
14-Jun-2021 18:36:39.999,11.758
14-Jun-2021 18:36:40.999,11.563
14-Jun-2021 18:36:41.999,11.87
14-Jun-2021 18:36:42.999,11.87
14-Jun-2021 18:36:43.999,12.098
14-Jun-2021 18:36:44.999,12.325
14-Jun-2021 18:36:45.999,13.089
14-Jun-2021 18:36:46.999,13.089
14-Jun-2021 18:36:47.999,13.503
14-Jun-2021 18:36:48.999,14.522
14-Jun-2021 18:36:49.999,14.522
14-Jun-2021 18:36:50.999,14.164
14-Jun-2021 18:36:51.999,14.147
14-Jun-2021 18:36:52.999,13.808
14-Jun-2021 18:36:53.999,13.94
14-Jun-2021 18:36:54.999,13.94
14-Jun-2021 18:36:55.999,13.94
14-Jun-2021 18:36:56.999,12.597
14-Jun-2021 18:36:57.999,12.597
14-Jun-2021 18:36:58.999,12.597
14-Jun-2021 18:36:59.999,12.71
14-Jun-2021 18:37:00.999,13.747
14-Jun-2021 18:37:01.999,13.782
14-Jun-2021 18:37:02.999,13.747
14-Jun-2021 18:37:03.999,13.436
14-Jun-2021 18:37:04.999,13.632
14-Jun-2021 18:37:05.999,14.018
14-Jun-2021 18:37:06.999,14.018
14-Jun-2021 18:37:07.999,14.041
14-Jun-2021 18:37:08.999,14.205
14-Jun-2021 18:37:09.999,14.205
14-Jun-2021 18:37:11.000,14.205
14-Jun-2021 18:37:12.000,14.233
14-Jun-2021 18:37:13.000,14.677
14-Jun-2021 18:37:14.000,14.9
14-Jun-2021 18:37:15.000,14.832
14-Jun-2021 18:37:16.000,14.9
14-Jun-2021 18:37:17.000,16.294
14-Jun-2021 18:37:18.000,16.358
14-Jun-2021 18:37:19.000,16.358
14-Jun-2021 18:37:20.000,16.358
14-Jun-2021 18:37:21.000,16.071
14-Jun-2021 18:37:22.000,16.071
14-Jun-2021 18:37:23.000,15.941
14-Jun-2021 18:37:24.000,15.941
14-Jun-2021 18:37:25.000,15.702
14-Jun-2021 18:37:26.000,15.702
14-Jun-2021 18:37:27.000,15.531
14-Jun-2021 18:37:28.000,15.453
14-Jun-2021 18:37:29.000,15.521
14-Jun-2021 18:37:30.000,15.521
14-Jun-2021 18:37:31.000,15.353
14-Jun-2021 18:37:32.000,14.985
14-Jun-2021 18:37:33.000,15.684
14-Jun-2021 18:37:34.000,15.984
14-Jun-2021 18:37:35.000,15.818
14-Jun-2021 18:37:36.000,15.984
14-Jun-2021 18:37:37.000,16.155
14-Jun-2021 18:37:38.000,16.155
14-Jun-2021 18:37:39.000,15.708
14-Jun-2021 18:37:40.000,15.257
14-Jun-2021 18:37:41.000,15.091
14-Jun-2021 18:37:42.000,15.769
14-Jun-2021 18:37:43.000,15.515
14-Jun-2021 18:37:44.000,15.515
14-Jun-2021 18:37:45.000,14.197
14-Jun-2021 18:37:46.000,14.197
14-Jun-2021 18:37:46.999,13.839
14-Jun-2021 18:37:48.000,13.61
14-Jun-2021 18:37:49.000,12.83
14-Jun-2021 18:37:50.000,12.83
14-Jun-2021 18:37:51.000,12.358
14-Jun-2021 18:37:52.000,11.402
14-Jun-2021 18:37:53.000,8.302
14-Jun-2021 18:37:54.000,8.302
14-Jun-2021 18:37:55.000,7.008
14-Jun-2021 18:37:56.000,6.111
14-Jun-2021 18:37:57.000,2.005
14-Jun-2021 18:37:58.000,2.005
14-Jun-2021 18:37:59.000,1.377
14-Jun-2021 18:38:00.000,0.663
14-Jun-2021 18:38:01.000,0.131
14-Jun-2021 18:38:02.000,0.23
14-Jun-2021 18:38:03.000,0.034
14-Jun-2021 18:38:04.000,0.129
14-Jun-2021 18:38:05.000,0.192
14-Jun-2021 18:38:06.000,0.079
14-Jun-2021 18:38:07.000,0.115
14-Jun-2021 18:38:08.000,0.108
14-Jun-2021 18:38:09.000,0.031
14-Jun-2021 18:38:10.000,0.125
14-Jun-2021 18:38:11.000,0.055
14-Jun-2021 18:38:12.000,0.125
14-Jun-2021 18:38:13.000,0.058
14-Jun-2021 18:38:14.000,0
14-Jun-2021 18:38:15.000,0
14-Jun-2021 18:38:16.000,0
14-Jun-2021 18:38:17.000,0
14-Jun-2021 18:38:18.000,0
14-Jun-2021 18:38:19.000,0
14-Jun-2021 18:38:20.000,0
14-Jun-2021 18:38:21.000,0
14-Jun-2021 18:38:22.000,0
14-Jun-2021 18:38:23.000,0
14-Jun-2021 18:38:24.000,0
14-Jun-2021 18:38:25.000,0
14-Jun-2021 18:38:26.000,0
14-Jun-2021 18:38:27.000,0
14-Jun-2021 18:38:28.000,0
14-Jun-2021 18:38:29.000,0
14-Jun-2021 18:38:30.000,0
14-Jun-2021 18:38:31.000,0
14-Jun-2021 18:38:32.000,0
14-Jun-2021 18:38:33.000,0
14-Jun-2021 18:38:34.000,0
14-Jun-2021 18:38:35.000,0
14-Jun-2021 18:38:36.000,0
14-Jun-2021 18:38:37.000,0
14-Jun-2021 18:38:38.000,0
14-Jun-2021 18:38:39.001,0
14-Jun-2021 18:38:40.000,0
14-Jun-2021 18:38:41.001,0
14-Jun-2021 18:38:42.001,0
14-Jun-2021 18:38:43.001,0
14-Jun-2021 18:38:44.001,0
14-Jun-2021 18:38:45.001,0
14-Jun-2021 18:38:46.002,0
14-Jun-2021 18:38:47.002,0
14-Jun-2021 18:38:48.002,0
14-Jun-2021 18:38:49.002,0
14-Jun-2021 18:38:50.002,0
14-Jun-2021 18:38:51.002,0
14-Jun-2021 18:38:52.002,0
14-Jun-2021 18:38:53.002,0.161
14-Jun-2021 18:38:54.002,1.915
14-Jun-2021 18:38:55.002,1.915
14-Jun-2021 18:38:56.002,3.778
14-Jun-2021 18:38:57.002,5.339
14-Jun-2021 18:38:58.002,6.833
14-Jun-2021 18:38:59.002,6.833
14-Jun-2021 18:39:00.002,7.31
14-Jun-2021 18:39:01.002,7.636
14-Jun-2021 18:39:02.002,8.477
14-Jun-2021 18:39:03.002,7.963
14-Jun-2021 18:39:04.002,8.477
14-Jun-2021 18:39:05.002,8.518
14-Jun-2021 18:39:06.002,9.185
14-Jun-2021 18:39:07.002,9.185
14-Jun-2021 18:39:08.002,9.451
14-Jun-2021 18:39:09.002,10.916
14-Jun-2021 18:39:10.002,11.376
14-Jun-2021 18:39:11.002,11.376
14-Jun-2021 18:39:12.002,11.581
14-Jun-2021 18:39:13.002,12.556
14-Jun-2021 18:39:14.002,13.389
14-Jun-2021 18:39:15.002,13.389
14-Jun-2021 18:39:16.002,14.228
14-Jun-2021 18:39:17.002,15.013
14-Jun-2021 18:39:18.002,15.135
14-Jun-2021 18:39:19.002,15.135
14-Jun-2021 18:39:20.002,15.394
14-Jun-2021 18:39:21.002,15.747
14-Jun-2021 18:39:22.002,16.174
14-Jun-2021 18:39:23.002,16.101
14-Jun-2021 18:39:24.002,16.174
14-Jun-2021 18:39:25.002,16.277
14-Jun-2021 18:39:26.002,16.386
14-Jun-2021 18:39:27.002,16.386
14-Jun-2021 18:39:28.002,16.76
14-Jun-2021 18:39:29.002,17.459
14-Jun-2021 18:39:30.002,17.459
14-Jun-2021 18:39:31.002,17.329
14-Jun-2021 18:39:32.002,17.284
14-Jun-2021 18:39:33.001,17.605
14-Jun-2021 18:39:34.002,17.605
14-Jun-2021 18:39:35.002,17.12
14-Jun-2021 18:39:36.002,17.12
14-Jun-2021 18:39:37.002,17.127
14-Jun-2021 18:39:38.002,17.127
14-Jun-2021 18:39:39.002,16.978
14-Jun-2021 18:39:40.002,16.67
14-Jun-2021 18:39:41.002,15.733
14-Jun-2021 18:39:42.002,15.733
14-Jun-2021 18:39:43.002,15.639
14-Jun-2021 18:39:44.002,15.222
14-Jun-2021 18:39:45.002,14.79
14-Jun-2021 18:39:46.002,14.79
14-Jun-2021 18:39:47.002,13.98
14-Jun-2021 18:39:48.002,13.388
14-Jun-2021 18:39:49.002,12.372
14-Jun-2021 18:39:50.002,12.372
14-Jun-2021 18:39:51.002,11.777
14-Jun-2021 18:39:52.002,11.191
14-Jun-2021 18:39:53.002,9.721
14-Jun-2021 18:39:54.002,9.721
14-Jun-2021 18:39:55.002,8.814
14-Jun-2021 18:39:56.002,8.528
14-Jun-2021 18:39:57.002,8.417
14-Jun-2021 18:39:58.002,8.827
14-Jun-2021 18:39:59.002,8.827
14-Jun-2021 18:40:00.002,8.949
14-Jun-2021 18:40:01.002,9.102
14-Jun-2021 18:40:02.002,9.102
14-Jun-2021 18:40:03.002,9.102
14-Jun-2021 18:40:04.002,9.198
14-Jun-2021 18:40:05.002,10.919
14-Jun-2021 18:40:06.002,11.084
14-Jun-2021 18:40:07.002,11.084
14-Jun-2021 18:40:08.002,11.887
14-Jun-2021 18:40:09.002,13.398
14-Jun-2021 18:40:10.003,13.636
14-Jun-2021 18:40:11.003,13.636
14-Jun-2021 18:40:12.003,14.287
14-Jun-2021 18:40:13.003,14.372
14-Jun-2021 18:40:14.003,14.372
14-Jun-2021 18:40:15.003,14.372
14-Jun-2021 18:40:16.003,14.433
14-Jun-2021 18:40:17.003,14.929
14-Jun-2021 18:40:18.003,14.929
14-Jun-2021 18:40:19.003,14.711
14-Jun-2021 18:40:20.003,14.648
14-Jun-2021 18:40:21.003,14.911
14-Jun-2021 18:40:22.003,15.17
14-Jun-2021 18:40:23.003,14.933
14-Jun-2021 18:40:24.003,15.17
14-Jun-2021 18:40:25.003,15.501
14-Jun-2021 18:40:26.002,15.501
14-Jun-2021 18:40:27.003,15.46
14-Jun-2021 18:40:28.003,15.433
14-Jun-2021 18:40:29.003,15.463
14-Jun-2021 18:40:30.003,15.534
14-Jun-2021 18:40:31.003,15.534
14-Jun-2021 18:40:32.003,15.534
14-Jun-2021 18:40:33.003,15.276
14-Jun-2021 18:40:34.003,15.276
14-Jun-2021 18:40:35.003,15.275
14-Jun-2021 18:40:36.003,15.054
14-Jun-2021 18:40:37.003,14.973
14-Jun-2021 18:40:38.003,15.068
14-Jun-2021 18:40:39.003,14.973
14-Jun-2021 18:40:40.003,14.891
14-Jun-2021 18:40:41.003,14.805
14-Jun-2021 18:40:42.003,15.253
14-Jun-2021 18:40:43.003,15.173
14-Jun-2021 18:40:44.003,15.177
14-Jun-2021 18:40:45.003,14.698
14-Jun-2021 18:40:46.003,14.748
14-Jun-2021 18:40:47.003,14.698
14-Jun-2021 18:40:48.003,14.748
14-Jun-2021 18:40:49.003,14.548
14-Jun-2021 18:40:50.003,14.548
14-Jun-2021 18:40:51.003,14.548
14-Jun-2021 18:40:52.003,14.632
14-Jun-2021 18:40:53.003,14.676
14-Jun-2021 18:40:54.003,14.676
14-Jun-2021 18:40:55.003,14.675
14-Jun-2021 18:40:56.003,14.586
14-Jun-2021 18:40:57.003,14.444
14-Jun-2021 18:40:58.003,14.539
14-Jun-2021 18:40:59.003,14.539
14-Jun-2021 18:41:00.003,14.814
14-Jun-2021 18:41:01.003,14.82
14-Jun-2021 18:41:02.003,15.059
14-Jun-2021 18:41:03.003,15.059
14-Jun-2021 18:41:04.003,15.255
14-Jun-2021 18:41:05.003,15.601
14-Jun-2021 18:41:06.003,15.944
14-Jun-2021 18:41:07.003,15.944
14-Jun-2021 18:41:08.003,15.944
14-Jun-2021 18:41:09.003,15.443
14-Jun-2021 18:41:10.003,15.451
14-Jun-2021 18:41:11.003,15.443
14-Jun-2021 18:41:12.003,15.451
14-Jun-2021 18:41:13.003,15.71
14-Jun-2021 18:41:14.003,15.71
14-Jun-2021 18:41:15.003,15.634
14-Jun-2021 18:41:16.003,15.634
14-Jun-2021 18:41:17.003,15.749
14-Jun-2021 18:41:18.003,15.749
14-Jun-2021 18:41:19.003,15.525
14-Jun-2021 18:41:20.003,15.492
14-Jun-2021 18:41:21.003,15.508
14-Jun-2021 18:41:22.003,15.51
14-Jun-2021 18:41:23.003,15.508
14-Jun-2021 18:41:24.003,15.387
14-Jun-2021 18:41:25.003,14.236
14-Jun-2021 18:41:26.003,14.236
14-Jun-2021 18:41:27.003,13.739
14-Jun-2021 18:41:28.003,13.438
14-Jun-2021 18:41:29.003,12.429
14-Jun-2021 18:41:30.003,12.429
14-Jun-2021 18:41:31.003,12.304
14-Jun-2021 18:41:32.003,11.508
14-Jun-2021 18:41:33.003,10.472
14-Jun-2021 18:41:34.003,10.472
14-Jun-2021 18:41:35.003,9.638
14-Jun-2021 18:41:36.003,8.078
14-Jun-2021 18:41:37.003,6.987
14-Jun-2021 18:41:38.003,7.123
14-Jun-2021 18:41:39.003,7.123
14-Jun-2021 18:41:40.004,8.027
14-Jun-2021 18:41:41.004,9.67
14-Jun-2021 18:41:42.004,9.804
14-Jun-2021 18:41:43.004,9.673
14-Jun-2021 18:41:44.004,9.673
14-Jun-2021 18:41:45.004,9.841
14-Jun-2021 18:41:46.004,9.89
14-Jun-2021 18:41:47.004,9.89
14-Jun-2021 18:41:48.004,10.297
14-Jun-2021 18:41:49.004,12.167
14-Jun-2021 18:41:50.004,12.229
14-Jun-2021 18:41:51.004,12.229
14-Jun-2021 18:41:52.004,12.519
14-Jun-2021 18:41:53.004,12.976
14-Jun-2021 18:41:54.004,13.735
14-Jun-2021 18:41:55.004,13.594
14-Jun-2021 18:41:56.004,13.735
14-Jun-2021 18:41:57.004,14.024
14-Jun-2021 18:41:58.004,14.024
14-Jun-2021 18:41:59.004,14.024
14-Jun-2021 18:42:00.004,14.045
14-Jun-2021 18:42:01.004,14.207
14-Jun-2021 18:42:02.004,14.61
14-Jun-2021 18:42:03.004,14.443
14-Jun-2021 18:42:04.004,14.61
14-Jun-2021 18:42:05.004,14.727
14-Jun-2021 18:42:06.004,14.75
14-Jun-2021 18:42:07.004,14.75
14-Jun-2021 18:42:08.004,14.774
14-Jun-2021 18:42:09.004,14.769
14-Jun-2021 18:42:10.004,14.769
14-Jun-2021 18:42:11.004,14.671
14-Jun-2021 18:42:12.004,14.584
14-Jun-2021 18:42:13.004,14.672
14-Jun-2021 18:42:14.004,14.764
14-Jun-2021 18:42:15.004,14.764
14-Jun-2021 18:42:16.004,14.913
14-Jun-2021 18:42:17.004,14.907
14-Jun-2021 18:42:18.004,14.907
14-Jun-2021 18:42:19.004,14.857
14-Jun-2021 18:42:20.004,14.857
14-Jun-2021 18:42:21.004,15.479
14-Jun-2021 18:42:22.004,15.581
14-Jun-2021 18:42:23.004,15.479
14-Jun-2021 18:42:24.004,15.268
14-Jun-2021 18:42:25.004,15.151
14-Jun-2021 18:42:26.004,15.151
14-Jun-2021 18:42:27.004,14.982
14-Jun-2021 18:42:28.004,14.957
14-Jun-2021 18:42:29.004,13.957
14-Jun-2021 18:42:30.004,13.957
14-Jun-2021 18:42:31.004,13.185
14-Jun-2021 18:42:32.004,12.795
14-Jun-2021 18:42:33.004,12.06
14-Jun-2021 18:42:34.004,12.06
14-Jun-2021 18:42:35.004,11.807
14-Jun-2021 18:42:36.004,11.368
14-Jun-2021 18:42:37.004,9.93
14-Jun-2021 18:42:38.004,9.93
14-Jun-2021 18:42:39.004,9.463
14-Jun-2021 18:42:40.004,8.977
14-Jun-2021 18:42:41.004,8.285
14-Jun-2021 18:42:42.004,8.285
14-Jun-2021 18:42:43.004,7.102
14-Jun-2021 18:42:44.004,6.677
14-Jun-2021 18:42:45.004,5.564
14-Jun-2021 18:42:46.004,5.564
14-Jun-2021 18:42:47.004,4.915
14-Jun-2021 18:42:48.004,3.408
14-Jun-2021 18:42:49.004,3.012
14-Jun-2021 18:42:50.004,3.246
14-Jun-2021 18:42:51.004,3.246
14-Jun-2021 18:42:52.004,3.932
14-Jun-2021 18:42:53.004,6.969
14-Jun-2021 18:42:54.004,7.721
14-Jun-2021 18:42:55.004,7.721
14-Jun-2021 18:42:56.004,8.81
14-Jun-2021 18:42:57.004,10.812
14-Jun-2021 18:42:58.004,11.065
14-Jun-2021 18:42:59.004,11.065
14-Jun-2021 18:43:00.004,11.369
14-Jun-2021 18:43:01.004,12.308
14-Jun-2021 18:43:02.004,13.268
14-Jun-2021 18:43:03.004,13.268
14-Jun-2021 18:43:04.004,13.918
14-Jun-2021 18:43:05.004,14.242
14-Jun-2021 18:43:06.004,14.242
14-Jun-2021 18:43:07.004,14.242
14-Jun-2021 18:43:08.004,14.404
14-Jun-2021 18:43:09.004,14.658
14-Jun-2021 18:43:10.004,14.763
14-Jun-2021 18:43:11.005,14.763
14-Jun-2021 18:43:12.005,14.939
14-Jun-2021 18:43:13.005,15.266
14-Jun-2021 18:43:14.005,15.266
14-Jun-2021 18:43:15.005,15.116
14-Jun-2021 18:43:16.005,14.897
14-Jun-2021 18:43:17.005,14.416
14-Jun-2021 18:43:18.006,14.416
14-Jun-2021 18:43:19.006,14.238
14-Jun-2021 18:43:20.006,13.55
14-Jun-2021 18:43:21.006,13.152
14-Jun-2021 18:43:22.006,13.152
14-Jun-2021 18:43:23.005,13.078
14-Jun-2021 18:43:24.005,13.078
14-Jun-2021 18:43:25.005,13.078
14-Jun-2021 18:43:26.004,13.421
14-Jun-2021 18:43:27.004,13.677
14-Jun-2021 18:43:28.004,13.677
14-Jun-2021 18:43:29.004,13.772
14-Jun-2021 18:43:30.004,14.331
14-Jun-2021 18:43:31.003,15.031
14-Jun-2021 18:43:32.003,15.116
14-Jun-2021 18:43:33.003,15.116
14-Jun-2021 18:43:34.003,15.519
14-Jun-2021 18:43:35.003,16.115
14-Jun-2021 18:43:36.002,15.411
14-Jun-2021 18:43:37.002,15.411
14-Jun-2021 18:43:38.002,15.186
14-Jun-2021 18:43:39.002,15.085
14-Jun-2021 18:43:40.002,14.962
14-Jun-2021 18:43:41.002,14.039
14-Jun-2021 18:43:42.002,14.039
14-Jun-2021 18:43:43.002,13.06
14-Jun-2021 18:43:44.001,12.36
14-Jun-2021 18:43:45.001,12.284
14-Jun-2021 18:43:46.001,11.11
14-Jun-2021 18:43:47.001,11.11
14-Jun-2021 18:43:48.001,10.386
14-Jun-2021 18:43:49.001,9.444
14-Jun-2021 18:43:50.001,8.818
14-Jun-2021 18:43:51.001,7.365
14-Jun-2021 18:43:52.001,7.365
14-Jun-2021 18:43:53.001,6.807
14-Jun-2021 18:43:54.001,6.807
14-Jun-2021 18:43:55.001,6.936
14-Jun-2021 18:43:56.001,8.072
14-Jun-2021 18:43:57.001,8.441
14-Jun-2021 18:43:58.001,8.441
14-Jun-2021 18:43:59.001,9.024
14-Jun-2021 18:44:00.001,9.503
14-Jun-2021 18:44:01.001,9.349
14-Jun-2021 18:44:02.001,9.349
14-Jun-2021 18:44:03.000,8.661
14-Jun-2021 18:44:04.000,8.635
14-Jun-2021 18:44:05.000,8.635
14-Jun-2021 18:44:06.000,10.582
14-Jun-2021 18:44:07.000,12.235
14-Jun-2021 18:44:08.000,12.235
14-Jun-2021 18:44:09.000,12.725
14-Jun-2021 18:44:10.000,13.44
14-Jun-2021 18:44:11.000,14.189
14-Jun-2021 18:44:12.000,14.222
14-Jun-2021 18:44:13.000,14.222
14-Jun-2021 18:44:14.000,14.641
14-Jun-2021 18:44:15.000,15.015
14-Jun-2021 18:44:16.000,15.902
14-Jun-2021 18:44:17.000,15.902
14-Jun-2021 18:44:18.000,15.728
14-Jun-2021 18:44:19.000,15.319
14-Jun-2021 18:44:20.000,15.319
14-Jun-2021 18:44:21.000,14.771
14-Jun-2021 18:44:22.000,14.867
14-Jun-2021 18:44:23.000,14.771
14-Jun-2021 18:44:24.000,14.503
14-Jun-2021 18:44:25.000,13.968
14-Jun-2021 18:44:26.000,13.864
14-Jun-2021 18:44:27.000,14.391
14-Jun-2021 18:44:28.000,14.391
14-Jun-2021 18:44:29.000,14.773
14-Jun-2021 18:44:30.000,14.887
14-Jun-2021 18:44:31.000,16.194
14-Jun-2021 18:44:32.000,16.603
14-Jun-2021 18:44:33.000,16.225
14-Jun-2021 18:44:34.000,16.603
14-Jun-2021 18:44:35.000,17.13
14-Jun-2021 18:44:36.000,17.267
14-Jun-2021 18:44:37.000,17.392
14-Jun-2021 18:44:38.000,17.267
14-Jun-2021 18:44:39.000,16.899
14-Jun-2021 18:44:40.000,16.899
14-Jun-2021 18:44:41.000,16.69
14-Jun-2021 18:44:42.000,16.873
14-Jun-2021 18:44:43.000,16.873
14-Jun-2021 18:44:44.000,16.978
14-Jun-2021 18:44:45.000,16.978
14-Jun-2021 18:44:46.000,16.932
14-Jun-2021 18:44:47.000,16.97
14-Jun-2021 18:44:48.000,16.97
14-Jun-2021 18:44:49.000,17.016
14-Jun-2021 18:44:50.000,17.27
14-Jun-2021 18:44:51.000,17.283
14-Jun-2021 18:44:52.000,17.372
14-Jun-2021 18:44:53.000,17.372
14-Jun-2021 18:44:54.000,17.576
14-Jun-2021 18:44:55.000,17.659
14-Jun-2021 18:44:56.000,17.711
14-Jun-2021 18:44:57.000,17.711
14-Jun-2021 18:44:58.000,17.711
14-Jun-2021 18:44:59.000,18.419
14-Jun-2021 18:45:00.000,18.576
14-Jun-2021 18:45:01.000,18.848
14-Jun-2021 18:45:02.000,19.105
14-Jun-2021 18:45:03.000,19.105
14-Jun-2021 18:45:04.000,19.105
14-Jun-2021 18:45:05.000,19.056
14-Jun-2021 18:45:06.000,18.516
14-Jun-2021 18:45:07.000,18.516
14-Jun-2021 18:45:08.000,18.459
14-Jun-2021 18:45:09.000,18.459
14-Jun-2021 18:45:10.000,18.514
14-Jun-2021 18:45:11.000,18.716
14-Jun-2021 18:45:12.000,18.809
14-Jun-2021 18:45:13.000,18.716
14-Jun-2021 18:45:14.000,18.221
14-Jun-2021 18:45:15.000,18.007
14-Jun-2021 18:45:16.000,17.73
14-Jun-2021 18:45:17.000,17.782
14-Jun-2021 18:45:18.000,17.782
14-Jun-2021 18:45:19.000,17.782
14-Jun-2021 18:45:20.000,17.74
14-Jun-2021 18:45:21.000,17.372
14-Jun-2021 18:45:22.000,17.372
14-Jun-2021 18:45:23.000,16.981
14-Jun-2021 18:45:24.000,15.987
14-Jun-2021 18:45:25.000,15.191
14-Jun-2021 18:45:26.000,13.852
14-Jun-2021 18:45:27.000,13.852
14-Jun-2021 18:45:28.000,13.253
14-Jun-2021 18:45:29.000,12.748
14-Jun-2021 18:45:30.000,12.748
14-Jun-2021 18:45:31.000,14.457
14-Jun-2021 18:45:32.000,14.583
14-Jun-2021 18:45:33.000,14.583
14-Jun-2021 18:45:34.000,14.802
14-Jun-2021 18:45:35.000,15.657
14-Jun-2021 18:45:36.000,16.6
14-Jun-2021 18:45:37.000,17.054
14-Jun-2021 18:45:38.000,17.026
14-Jun-2021 18:45:39.000,17.054
14-Jun-2021 18:45:40.000,17.492
14-Jun-2021 18:45:41.000,17.742
14-Jun-2021 18:45:42.000,17.742
14-Jun-2021 18:45:43.000,17.704
14-Jun-2021 18:45:44.000,17.704
14-Jun-2021 18:45:45.000,17.817
14-Jun-2021 18:45:46.000,17.7
14-Jun-2021 18:45:47.000,18.098
14-Jun-2021 18:45:48.000,18.098
14-Jun-2021 18:45:49.000,18.364
14-Jun-2021 18:45:50.000,18.364
14-Jun-2021 18:45:51.000,18.431
14-Jun-2021 18:45:52.000,18.431
14-Jun-2021 18:45:53.000,18.431
14-Jun-2021 18:45:54.000,18.541
14-Jun-2021 18:45:55.000,18.632
14-Jun-2021 18:45:56.000,18.72
14-Jun-2021 18:45:57.000,18.878
14-Jun-2021 18:45:58.000,18.878
14-Jun-2021 18:45:59.000,19.105
14-Jun-2021 18:46:00.000,19.105
14-Jun-2021 18:46:01.000,19.507
14-Jun-2021 18:46:02.000,19.507
14-Jun-2021 18:46:03.000,19.507
14-Jun-2021 18:46:03.999,19.594
14-Jun-2021 18:46:05.000,19.594
14-Jun-2021 18:46:06.000,19.214
14-Jun-2021 18:46:07.000,19.56
14-Jun-2021 18:46:08.000,19.56
14-Jun-2021 18:46:09.000,19.886
14-Jun-2021 18:46:10.000,19.9
14-Jun-2021 18:46:11.000,20.057
14-Jun-2021 18:46:12.000,20.057
14-Jun-2021 18:46:13.000,19.945
14-Jun-2021 18:46:14.000,19.836
14-Jun-2021 18:46:15.000,19.836
14-Jun-2021 18:46:16.000,20.035
14-Jun-2021 18:46:17.000,20.199
14-Jun-2021 18:46:18.000,20.035
14-Jun-2021 18:46:19.000,19.96
14-Jun-2021 18:46:20.000,19.621
14-Jun-2021 18:46:21.000,19.974
14-Jun-2021 18:46:22.000,19.977
14-Jun-2021 18:46:23.000,19.974
14-Jun-2021 18:46:24.000,19.977
14-Jun-2021 18:46:25.000,19.993
14-Jun-2021 18:46:26.000,19.886
14-Jun-2021 18:46:27.000,19.886
14-Jun-2021 18:46:28.000,19.564
14-Jun-2021 18:46:29.000,19.276
14-Jun-2021 18:46:30.000,18.479
14-Jun-2021 18:46:31.000,17.843
14-Jun-2021 18:46:32.000,17.843
14-Jun-2021 18:46:33.000,17.461
14-Jun-2021 18:46:34.000,17.304
14-Jun-2021 18:46:35.000,16.884
14-Jun-2021 18:46:36.000,16.332
14-Jun-2021 18:46:37.000,16.332
14-Jun-2021 18:46:38.000,16.332
14-Jun-2021 18:46:39.000,16.322
14-Jun-2021 18:46:40.000,16.322
14-Jun-2021 18:46:41.000,14.263
14-Jun-2021 18:46:42.000,14.263
14-Jun-2021 18:46:43.000,12.35
14-Jun-2021 18:46:44.000,9.777
14-Jun-2021 18:46:45.000,8.487
14-Jun-2021 18:46:46.000,7.944
14-Jun-2021 18:46:47.000,8.573
14-Jun-2021 18:46:48.000,8.573
14-Jun-2021 18:46:49.000,9.122
14-Jun-2021 18:46:50.000,11.027
14-Jun-2021 18:46:51.000,12.833
14-Jun-2021 18:46:52.000,13.066
14-Jun-2021 18:46:53.000,13.066
14-Jun-2021 18:46:54.000,13.882
14-Jun-2021 18:46:55.000,14.152
14-Jun-2021 18:46:56.000,15.33
14-Jun-2021 18:46:57.000,15.651
14-Jun-2021 18:46:58.000,15.579
14-Jun-2021 18:46:59.000,15.651
14-Jun-2021 18:47:00.000,16.081
14-Jun-2021 18:47:01.000,16.815
14-Jun-2021 18:47:02.000,16.815
14-Jun-2021 18:47:03.000,16.815
14-Jun-2021 18:47:04.000,17.166
14-Jun-2021 18:47:05.000,17.276
14-Jun-2021 18:47:06.000,17.489
14-Jun-2021 18:47:07.000,17.927
14-Jun-2021 18:47:08.000,17.927
14-Jun-2021 18:47:09.000,17.927
14-Jun-2021 18:47:10.000,17.851
14-Jun-2021 18:47:11.000,17.917
14-Jun-2021 18:47:12.000,18.433
14-Jun-2021 18:47:13.000,18.433
14-Jun-2021 18:47:14.000,18.433
14-Jun-2021 18:47:15.000,18.004
14-Jun-2021 18:47:16.000,18.976
14-Jun-2021 18:47:17.000,19.371
14-Jun-2021 18:47:18.000,19.371
14-Jun-2021 18:47:19.000,19.371
14-Jun-2021 18:47:20.000,19.537
14-Jun-2021 18:47:21.000,20.019
14-Jun-2021 18:47:22.000,20.35
14-Jun-2021 18:47:23.000,20.115
14-Jun-2021 18:47:24.000,20.218
14-Jun-2021 18:47:25.000,20.218
14-Jun-2021 18:47:26.000,20.652
14-Jun-2021 18:47:27.000,20.652
14-Jun-2021 18:47:28.000,20.626
14-Jun-2021 18:47:29.000,20.026
14-Jun-2021 18:47:30.000,20.025
14-Jun-2021 18:47:31.000,20.182
14-Jun-2021 18:47:32.000,20.182
14-Jun-2021 18:47:32.999,20.034
14-Jun-2021 18:47:34.000,20.034
14-Jun-2021 18:47:35.000,20.034
14-Jun-2021 18:47:36.000,19.976
14-Jun-2021 18:47:37.000,19.98
14-Jun-2021 18:47:38.000,19.98
14-Jun-2021 18:47:39.000,20.274
14-Jun-2021 18:47:40.000,20.3
14-Jun-2021 18:47:41.000,20.275
14-Jun-2021 18:47:42.000,20.275
14-Jun-2021 18:47:43.000,19.886
14-Jun-2021 18:47:44.000,19.762
14-Jun-2021 18:47:45.000,19.642
14-Jun-2021 18:47:46.000,19.863
14-Jun-2021 18:47:47.000,19.863
14-Jun-2021 18:47:48.000,19.863
14-Jun-2021 18:47:49.000,20.125
14-Jun-2021 18:47:50.000,20.125
14-Jun-2021 18:47:51.000,20.282
14-Jun-2021 18:47:52.000,20.443
14-Jun-2021 18:47:53.000,20.443
14-Jun-2021 18:47:54.000,20.556
14-Jun-2021 18:47:55.000,20.635
14-Jun-2021 18:47:56.000,20.972
14-Jun-2021 18:47:57.000,20.972
14-Jun-2021 18:47:58.000,20.84
14-Jun-2021 18:47:59.000,20.773
14-Jun-2021 18:48:00.000,20.533
14-Jun-2021 18:48:01.000,20.861
14-Jun-2021 18:48:02.000,20.985
14-Jun-2021 18:48:03.000,20.985
14-Jun-2021 18:48:04.000,20.985
14-Jun-2021 18:48:05.000,20.984
14-Jun-2021 18:48:06.000,20.627
14-Jun-2021 18:48:07.000,20.792
14-Jun-2021 18:48:08.000,20.792
14-Jun-2021 18:48:09.000,20.792
14-Jun-2021 18:48:10.000,20.788
14-Jun-2021 18:48:11.000,20.47
14-Jun-2021 18:48:12.000,21.188
14-Jun-2021 18:48:13.000,21.099
14-Jun-2021 18:48:14.000,21.099
14-Jun-2021 18:48:15.000,20.665
14-Jun-2021 18:48:16.000,20.467
14-Jun-2021 18:48:17.000,20.486
14-Jun-2021 18:48:18.000,20.486
14-Jun-2021 18:48:19.000,20.486
14-Jun-2021 18:48:20.000,20.548
14-Jun-2021 18:48:21.000,20.928
14-Jun-2021 18:48:22.000,20.928
14-Jun-2021 18:48:23.000,20.463
14-Jun-2021 18:48:24.000,20.463
14-Jun-2021 18:48:25.000,20.702
14-Jun-2021 18:48:26.000,20.254
14-Jun-2021 18:48:27.000,20.254
14-Jun-2021 18:48:28.000,20.056
14-Jun-2021 18:48:29.000,20.056
14-Jun-2021 18:48:30.000,20.356
14-Jun-2021 18:48:31.000,20.604
14-Jun-2021 18:48:32.000,20.604
14-Jun-2021 18:48:33.000,20.154
14-Jun-2021 18:48:34.000,19.851
14-Jun-2021 18:48:35.000,19.745
14-Jun-2021 18:48:36.000,19.347
14-Jun-2021 18:48:37.000,19.59
14-Jun-2021 18:48:38.000,19.59
14-Jun-2021 18:48:39.000,19.982
14-Jun-2021 18:48:40.000,19.982
14-Jun-2021 18:48:41.000,19.475
14-Jun-2021 18:48:42.000,19.48
14-Jun-2021 18:48:43.000,19.475
14-Jun-2021 18:48:44.000,19.092
14-Jun-2021 18:48:45.000,19.092
14-Jun-2021 18:48:46.000,19.021
14-Jun-2021 18:48:47.000,19.021
14-Jun-2021 18:48:48.000,18.499
14-Jun-2021 18:48:49.000,18.319
14-Jun-2021 18:48:50.000,18.319
14-Jun-2021 18:48:51.000,18.168
14-Jun-2021 18:48:52.000,18.168
14-Jun-2021 18:48:53.000,18.121
14-Jun-2021 18:48:54.000,17.76
14-Jun-2021 18:48:55.000,17.556
14-Jun-2021 18:48:56.000,17.856
14-Jun-2021 18:48:57.000,17.856
14-Jun-2021 18:48:58.000,17.666
14-Jun-2021 18:48:59.000,17.613
14-Jun-2021 18:49:00.000,17.544
14-Jun-2021 18:49:01.000,17.775
14-Jun-2021 18:49:01.999,18.15
14-Jun-2021 18:49:03.000,18.15
14-Jun-2021 18:49:04.000,18.15
14-Jun-2021 18:49:05.000,17.545
14-Jun-2021 18:49:06.000,17.29
14-Jun-2021 18:49:07.000,17.849
14-Jun-2021 18:49:08.000,17.849
14-Jun-2021 18:49:09.000,18.007
14-Jun-2021 18:49:10.000,18.108
14-Jun-2021 18:49:11.000,18.175
14-Jun-2021 18:49:12.000,18.211
14-Jun-2021 18:49:13.000,18.211
14-Jun-2021 18:49:14.000,18.211
14-Jun-2021 18:49:15.000,17.961
14-Jun-2021 18:49:16.000,18.415
14-Jun-2021 18:49:17.000,18.415
14-Jun-2021 18:49:18.000,18.255
14-Jun-2021 18:49:19.000,18.255
14-Jun-2021 18:49:20.000,18.862
14-Jun-2021 18:49:21.000,18.765
14-Jun-2021 18:49:22.000,18.858
14-Jun-2021 18:49:23.000,18.765
14-Jun-2021 18:49:24.000,18.585
14-Jun-2021 18:49:25.000,18.585
14-Jun-2021 18:49:26.000,18.733
14-Jun-2021 18:49:27.000,19.315
14-Jun-2021 18:49:28.000,19.315
14-Jun-2021 18:49:29.000,19.315
14-Jun-2021 18:49:30.000,19.136
14-Jun-2021 18:49:31.000,18.723
14-Jun-2021 18:49:32.000,19.061
14-Jun-2021 18:49:33.000,19.061
14-Jun-2021 18:49:34.000,19.239
14-Jun-2021 18:49:35.000,19.239
14-Jun-2021 18:49:36.000,19.146
14-Jun-2021 18:49:37.000,19.326
14-Jun-2021 18:49:38.000,19.233
14-Jun-2021 18:49:39.000,19.326
14-Jun-2021 18:49:40.000,19.233
14-Jun-2021 18:49:41.000,18.972
14-Jun-2021 18:49:42.000,18.972
14-Jun-2021 18:49:43.000,18.472
14-Jun-2021 18:49:44.000,18.266
14-Jun-2021 18:49:45.000,18.135
14-Jun-2021 18:49:46.000,18.745
14-Jun-2021 18:49:47.000,18.745
14-Jun-2021 18:49:48.000,18.495
14-Jun-2021 18:49:49.000,18.495
14-Jun-2021 18:49:50.000,18.682
14-Jun-2021 18:49:51.000,18.657
14-Jun-2021 18:49:52.000,18.657
14-Jun-2021 18:49:53.000,18.519
14-Jun-2021 18:49:54.000,18.514
14-Jun-2021 18:49:55.000,18.269
14-Jun-2021 18:49:56.000,18.286
14-Jun-2021 18:49:57.000,18.364
14-Jun-2021 18:49:58.000,18.364
14-Jun-2021 18:49:59.000,18.705
14-Jun-2021 18:50:00.000,18.805
14-Jun-2021 18:50:01.000,19.001
14-Jun-2021 18:50:02.000,19.244
14-Jun-2021 18:50:03.000,19.001
14-Jun-2021 18:50:04.000,19.244
14-Jun-2021 18:50:05.000,19.623
14-Jun-2021 18:50:06.000,19.929
14-Jun-2021 18:50:07.000,19.929
14-Jun-2021 18:50:08.000,19.867
14-Jun-2021 18:50:09.000,19.386
14-Jun-2021 18:50:10.000,19.045
14-Jun-2021 18:50:11.000,18.803
14-Jun-2021 18:50:12.000,18.803
14-Jun-2021 18:50:13.000,18.687
14-Jun-2021 18:50:14.000,18.604
14-Jun-2021 18:50:15.000,18.604
14-Jun-2021 18:50:16.000,18.444
14-Jun-2021 18:50:17.000,18.711
14-Jun-2021 18:50:18.000,18.591
14-Jun-2021 18:50:19.000,18.591
14-Jun-2021 18:50:20.000,18.576
14-Jun-2021 18:50:21.000,18.041
14-Jun-2021 18:50:22.000,18.041
14-Jun-2021 18:50:23.000,17.211
14-Jun-2021 18:50:24.002,16.577
14-Jun-2021 18:50:25.002,15.235
14-Jun-2021 18:50:26.002,15.235
14-Jun-2021 18:50:27.002,14.981
14-Jun-2021 18:50:28.002,14.288
14-Jun-2021 18:50:29.002,14.024
14-Jun-2021 18:50:30.002,12.573
14-Jun-2021 18:50:31.001,12.573
14-Jun-2021 18:50:32.001,12.341
14-Jun-2021 18:50:33.001,11.872
14-Jun-2021 18:50:34.001,11.117
14-Jun-2021 18:50:35.001,9.073
14-Jun-2021 18:50:36.001,9.073
14-Jun-2021 18:50:37.001,7.54
14-Jun-2021 18:50:38.001,6.246
14-Jun-2021 18:50:39.001,5.259
14-Jun-2021 18:50:40.001,2.681
14-Jun-2021 18:50:41.001,2.681
14-Jun-2021 18:50:42.001,1.597
14-Jun-2021 18:50:43.001,0.705
14-Jun-2021 18:50:44.001,0.705
14-Jun-2021 18:50:45.000,0.653
14-Jun-2021 18:50:46.000,0.653
14-Jun-2021 18:50:47.000,0.211
14-Jun-2021 18:50:48.000,0.313
14-Jun-2021 18:50:49.000,0
14-Jun-2021 18:50:50.000,0
14-Jun-2021 18:50:51.000,0.203
14-Jun-2021 18:50:52.000,0.203
14-Jun-2021 18:50:53.000,0.276
14-Jun-2021 18:50:54.000,0.238
14-Jun-2021 18:50:55.000,0.145
14-Jun-2021 18:50:56.000,0.155
14-Jun-2021 18:50:56.999,0.155
14-Jun-2021 18:50:58.000,1.153
14-Jun-2021 18:50:59.000,2.327
14-Jun-2021 18:51:00.000,5.252
14-Jun-2021 18:51:01.000,5.785
14-Jun-2021 18:51:02.000,5.758
14-Jun-2021 18:51:03.000,5.758
14-Jun-2021 18:51:04.000,5.758
14-Jun-2021 18:51:05.000,6.863
14-Jun-2021 18:51:06.000,8.271
14-Jun-2021 18:51:07.000,8.271
14-Jun-2021 18:51:08.000,8.676
14-Jun-2021 18:51:09.000,9.574
14-Jun-2021 18:51:10.000,10.664
14-Jun-2021 18:51:11.000,10.664
14-Jun-2021 18:51:12.000,10.664
14-Jun-2021 18:51:13.000,11.088
14-Jun-2021 18:51:14.000,12.007
14-Jun-2021 18:51:15.000,13.081
14-Jun-2021 18:51:16.000,13.585
14-Jun-2021 18:51:17.000,13.585
14-Jun-2021 18:51:18.000,13.686
14-Jun-2021 18:51:19.000,14.124
14-Jun-2021 18:51:20.000,14.571
14-Jun-2021 18:51:21.000,15.046
14-Jun-2021 18:51:22.000,15.046
14-Jun-2021 18:51:23.000,15.173
14-Jun-2021 18:51:24.000,15.173
14-Jun-2021 18:51:25.000,14.769
14-Jun-2021 18:51:26.000,15.57
14-Jun-2021 18:51:27.000,15.57
14-Jun-2021 18:51:28.000,15.831
14-Jun-2021 18:51:29.000,15.834
14-Jun-2021 18:51:30.000,15.81
14-Jun-2021 18:51:31.000,16.276
14-Jun-2021 18:51:31.999,16.276
14-Jun-2021 18:51:32.998,16.461
14-Jun-2021 18:51:33.999,16.485
14-Jun-2021 18:51:34.999,16.661
14-Jun-2021 18:51:35.999,16.961
14-Jun-2021 18:51:36.999,16.961
14-Jun-2021 18:51:37.999,17.162
14-Jun-2021 18:51:38.999,17.225
14-Jun-2021 18:51:39.999,17.374
14-Jun-2021 18:51:40.999,17.374
14-Jun-2021 18:51:41.999,16.834
14-Jun-2021 18:51:42.999,15.616
14-Jun-2021 18:51:43.999,15.587
14-Jun-2021 18:51:44.999,15.028
14-Jun-2021 18:51:45.999,15.028
14-Jun-2021 18:51:46.999,14.713
14-Jun-2021 18:51:47.999,14.664
14-Jun-2021 18:51:48.999,14.36
14-Jun-2021 18:51:49.999,14.056
14-Jun-2021 18:51:50.999,14.213
14-Jun-2021 18:51:51.999,14.213
14-Jun-2021 18:51:52.999,14.216
14-Jun-2021 18:51:53.999,14.216
14-Jun-2021 18:51:54.999,13.654
14-Jun-2021 18:51:55.999,13.811
14-Jun-2021 18:51:56.999,13.811
14-Jun-2021 18:51:57.999,14.148
14-Jun-2021 18:51:58.999,15.347
14-Jun-2021 18:51:59.999,16.726
14-Jun-2021 18:52:00.999,16.96
14-Jun-2021 18:52:01.999,16.96
14-Jun-2021 18:52:02.999,17.236
14-Jun-2021 18:52:03.999,17.236
14-Jun-2021 18:52:04.999,17.435
14-Jun-2021 18:52:05.999,17.435
14-Jun-2021 18:52:06.999,17.435
14-Jun-2021 18:52:07.999,17.446
14-Jun-2021 18:52:08.999,17.549
14-Jun-2021 18:52:09.999,17.571
14-Jun-2021 18:52:10.999,17.796
14-Jun-2021 18:52:11.999,17.796
14-Jun-2021 18:52:12.999,17.796
14-Jun-2021 18:52:13.999,17.672
14-Jun-2021 18:52:14.999,17.151
14-Jun-2021 18:52:15.999,17.151
14-Jun-2021 18:52:16.999,16.64
14-Jun-2021 18:52:17.999,16.082
14-Jun-2021 18:52:18.999,15.42
14-Jun-2021 18:52:19.999,15.057
14-Jun-2021 18:52:20.999,15.057
14-Jun-2021 18:52:21.999,14.724
14-Jun-2021 18:52:22.999,14.604
14-Jun-2021 18:52:23.999,14.724
14-Jun-2021 18:52:24.999,14.918
14-Jun-2021 18:52:25.999,15.402
14-Jun-2021 18:52:26.999,15.402
14-Jun-2021 18:52:27.999,15.402
14-Jun-2021 18:52:28.999,15.239
14-Jun-2021 18:52:29.999,15.546
14-Jun-2021 18:52:30.999,15.808
14-Jun-2021 18:52:31.999,15.546
14-Jun-2021 18:52:32.999,15.311
14-Jun-2021 18:52:33.999,15.148
14-Jun-2021 18:52:34.999,15.297
14-Jun-2021 18:52:35.999,15.297
14-Jun-2021 18:52:36.999,15.008
14-Jun-2021 18:52:37.999,15.008
14-Jun-2021 18:52:38.999,14.876
14-Jun-2021 18:52:39.999,14.622
14-Jun-2021 18:52:40.999,14.978
14-Jun-2021 18:52:41.999,14.643
14-Jun-2021 18:52:42.999,14.643
14-Jun-2021 18:52:43.999,14.564
14-Jun-2021 18:52:44.999,13.669
14-Jun-2021 18:52:45.999,13.669
14-Jun-2021 18:52:46.999,13.019
14-Jun-2021 18:52:47.999,12.593
14-Jun-2021 18:52:48.999,12.593
14-Jun-2021 18:52:49.999,13.775
14-Jun-2021 18:52:50.999,13.775
14-Jun-2021 18:52:51.999,13.062
14-Jun-2021 18:52:52.999,13.046
14-Jun-2021 18:52:53.999,13.046
14-Jun-2021 18:52:54.999,13.793
14-Jun-2021 18:52:55.999,14.871
14-Jun-2021 18:52:56.999,14.76
14-Jun-2021 18:52:57.999,14.871
14-Jun-2021 18:52:58.999,14.76
14-Jun-2021 18:52:59.999,15.428
14-Jun-2021 18:53:00.999,15.693
14-Jun-2021 18:53:01.998,15.624
14-Jun-2021 18:53:02.999,15.693
14-Jun-2021 18:53:03.999,15.807
14-Jun-2021 18:53:04.999,16.188
14-Jun-2021 18:53:05.999,16.416
14-Jun-2021 18:53:06.999,16.416
14-Jun-2021 18:53:07.999,16.73
14-Jun-2021 18:53:08.999,16.95
14-Jun-2021 18:53:09.999,17.172
14-Jun-2021 18:53:10.999,17.512
14-Jun-2021 18:53:11.999,17.512
14-Jun-2021 18:53:12.999,17.662
14-Jun-2021 18:53:13.999,18.198
14-Jun-2021 18:53:14.999,18.021
14-Jun-2021 18:53:15.999,18.021
14-Jun-2021 18:53:16.999,18.021
14-Jun-2021 18:53:17.999,18.027
14-Jun-2021 18:53:18.999,18.069
14-Jun-2021 18:53:19.999,18.44
14-Jun-2021 18:53:20.999,18.44
14-Jun-2021 18:53:21.999,18.44
14-Jun-2021 18:53:22.999,18.588
14-Jun-2021 18:53:23.999,18.633
14-Jun-2021 18:53:24.999,18.766
14-Jun-2021 18:53:25.999,19.002
14-Jun-2021 18:53:26.999,19.002
14-Jun-2021 18:53:27.999,19.002
14-Jun-2021 18:53:28.999,19.017
14-Jun-2021 18:53:29.999,18.669
14-Jun-2021 18:53:30.999,18.669
14-Jun-2021 18:53:31.999,18.004
14-Jun-2021 18:53:32.999,17.792
14-Jun-2021 18:53:33.999,17.792
14-Jun-2021 18:53:34.999,17.737
14-Jun-2021 18:53:35.999,17.87
14-Jun-2021 18:53:36.999,17.87
14-Jun-2021 18:53:37.999,17.87
14-Jun-2021 18:53:38.999,17.841
14-Jun-2021 18:53:39.999,17.684
14-Jun-2021 18:53:40.999,17.684
14-Jun-2021 18:53:41.999,17.573
14-Jun-2021 18:53:42.999,17.573
14-Jun-2021 18:53:43.999,17.603
14-Jun-2021 18:53:44.999,17.581
14-Jun-2021 18:53:45.999,17.581
14-Jun-2021 18:53:46.999,17.437
14-Jun-2021 18:53:47.999,17.402
14-Jun-2021 18:53:48.999,17.366
14-Jun-2021 18:53:49.999,17.09
14-Jun-2021 18:53:50.999,17.09
14-Jun-2021 18:53:51.999,17.05
14-Jun-2021 18:53:52.999,17.05
14-Jun-2021 18:53:53.999,16.979
14-Jun-2021 18:53:54.999,16.615
14-Jun-2021 18:53:55.999,16.808
14-Jun-2021 18:53:56.999,16.808
14-Jun-2021 18:53:57.999,17.032
14-Jun-2021 18:53:58.999,17.095
14-Jun-2021 18:53:59.999,17.12
14-Jun-2021 18:54:00.999,17.12
14-Jun-2021 18:54:01.999,16.982
14-Jun-2021 18:54:02.999,16.92
14-Jun-2021 18:54:03.999,16.976
14-Jun-2021 18:54:04.999,16.881
14-Jun-2021 18:54:05.999,16.881
14-Jun-2021 18:54:06.999,16.723
14-Jun-2021 18:54:07.999,16.723
14-Jun-2021 18:54:08.999,17.082
14-Jun-2021 18:54:09.999,16.994
14-Jun-2021 18:54:10.999,17.001
14-Jun-2021 18:54:11.999,17.001
14-Jun-2021 18:54:12.999,17.057
14-Jun-2021 18:54:13.999,17.057
14-Jun-2021 18:54:14.999,17.076
14-Jun-2021 18:54:15.999,17.113
14-Jun-2021 18:54:16.999,17.113
14-Jun-2021 18:54:17.999,17.132
14-Jun-2021 18:54:18.998,17.132
14-Jun-2021 18:54:19.998,17.164
14-Jun-2021 18:54:20.998,17.402
14-Jun-2021 18:54:21.998,17.247
14-Jun-2021 18:54:22.998,17.307
14-Jun-2021 18:54:23.998,17.294
14-Jun-2021 18:54:24.998,17.092
14-Jun-2021 18:54:25.998,17.092
14-Jun-2021 18:54:26.998,17.092
14-Jun-2021 18:54:27.998,17.13
14-Jun-2021 18:54:28.998,17.17
14-Jun-2021 18:54:29.998,16.883
14-Jun-2021 18:54:30.998,17.137
14-Jun-2021 18:54:31.998,17.137
14-Jun-2021 18:54:32.998,17.417
14-Jun-2021 18:54:33.998,17.763
14-Jun-2021 18:54:34.998,17.446
14-Jun-2021 18:54:35.998,17.446
14-Jun-2021 18:54:36.998,17.367
14-Jun-2021 18:54:37.998,17.308
14-Jun-2021 18:54:38.998,16.704
14-Jun-2021 18:54:39.998,15.579
14-Jun-2021 18:54:40.998,15.579
14-Jun-2021 18:54:41.998,15.333
14-Jun-2021 18:54:42.998,14.882
14-Jun-2021 18:54:43.998,14.486
14-Jun-2021 18:54:44.998,12.639
14-Jun-2021 18:54:45.998,12.639
14-Jun-2021 18:54:46.998,12.324
14-Jun-2021 18:54:47.998,12.206
14-Jun-2021 18:54:48.998,11.59
14-Jun-2021 18:54:49.998,10.327
14-Jun-2021 18:54:50.998,10.327
14-Jun-2021 18:54:51.998,9.129
14-Jun-2021 18:54:52.998,7.505
14-Jun-2021 18:54:53.998,6.627
14-Jun-2021 18:54:54.998,5.653
14-Jun-2021 18:54:55.998,6.532
14-Jun-2021 18:54:56.998,6.166
14-Jun-2021 18:54:57.998,6.185
14-Jun-2021 18:54:58.998,6.185
14-Jun-2021 18:54:59.998,7.149
14-Jun-2021 18:55:00.998,8.133
14-Jun-2021 18:55:01.998,8.133
14-Jun-2021 18:55:02.998,9.025
14-Jun-2021 18:55:03.998,10.488
14-Jun-2021 18:55:04.998,12.286
14-Jun-2021 18:55:05.998,12.972
14-Jun-2021 18:55:06.998,12.972
14-Jun-2021 18:55:07.998,13.65
14-Jun-2021 18:55:08.998,14.233
14-Jun-2021 18:55:09.998,14.189
14-Jun-2021 18:55:10.998,14.431
14-Jun-2021 18:55:11.998,14.431
14-Jun-2021 18:55:12.998,15.114
14-Jun-2021 18:55:13.998,15.114
14-Jun-2021 18:55:14.998,15.475
14-Jun-2021 18:55:15.998,15.613
14-Jun-2021 18:55:16.998,15.475
14-Jun-2021 18:55:17.998,15.566
14-Jun-2021 18:55:18.998,15.566
14-Jun-2021 18:55:19.998,16.293
14-Jun-2021 18:55:20.998,16.293
14-Jun-2021 18:55:21.998,16.089
14-Jun-2021 18:55:22.998,15.89
14-Jun-2021 18:55:23.998,15.89
14-Jun-2021 18:55:24.998,16.984
14-Jun-2021 18:55:25.998,16.984
14-Jun-2021 18:55:26.998,16.764
14-Jun-2021 18:55:27.998,16.764
14-Jun-2021 18:55:28.998,16.856
14-Jun-2021 18:55:29.998,17.37
14-Jun-2021 18:55:30.998,17.37
14-Jun-2021 18:55:31.998,17.277
14-Jun-2021 18:55:32.997,17.277
14-Jun-2021 18:55:33.998,17.277
14-Jun-2021 18:55:34.998,17.07
14-Jun-2021 18:55:35.998,17.373
14-Jun-2021 18:55:36.998,17.373
14-Jun-2021 18:55:37.998,17.444
14-Jun-2021 18:55:38.998,17.709
14-Jun-2021 18:55:39.998,17.741
14-Jun-2021 18:55:40.998,17.741
14-Jun-2021 18:55:41.998,17.659
14-Jun-2021 18:55:42.998,17.605
14-Jun-2021 18:55:43.998,17.605
14-Jun-2021 18:55:44.998,17.594
14-Jun-2021 18:55:45.998,17.657
14-Jun-2021 18:55:46.998,17.594
14-Jun-2021 18:55:47.998,17.578
14-Jun-2021 18:55:48.998,17.247
14-Jun-2021 18:55:49.998,17.117
14-Jun-2021 18:55:50.998,17.117
14-Jun-2021 18:55:51.998,17.117
14-Jun-2021 18:55:52.998,17.082
14-Jun-2021 18:55:53.998,17.11
14-Jun-2021 18:55:54.998,17.277
14-Jun-2021 18:55:55.998,17.322
14-Jun-2021 18:55:56.998,17.322
14-Jun-2021 18:55:57.998,17.322
14-Jun-2021 18:55:58.998,17.166
14-Jun-2021 18:55:59.998,17.345
14-Jun-2021 18:56:00.998,17.345
14-Jun-2021 18:56:01.998,16.337
14-Jun-2021 18:56:02.998,15.86
14-Jun-2021 18:56:03.998,15.679
14-Jun-2021 18:56:04.998,14.514
14-Jun-2021 18:56:05.998,14.514
14-Jun-2021 18:56:06.998,13.899
14-Jun-2021 18:56:07.998,13.352
14-Jun-2021 18:56:08.998,12.929
14-Jun-2021 18:56:09.998,11.609
14-Jun-2021 18:56:10.998,11.609
14-Jun-2021 18:56:11.998,11.216
14-Jun-2021 18:56:12.998,10.886
14-Jun-2021 18:56:13.998,10.886
14-Jun-2021 18:56:14.998,10.782
14-Jun-2021 18:56:15.998,11.175
14-Jun-2021 18:56:16.998,11.175
14-Jun-2021 18:56:17.998,11.727
14-Jun-2021 18:56:18.998,11.727
14-Jun-2021 18:56:19.998,10.389
14-Jun-2021 18:56:20.998,10.389
14-Jun-2021 18:56:21.998,9.394
14-Jun-2021 18:56:22.998,8.728
14-Jun-2021 18:56:23.998,8.414
14-Jun-2021 18:56:24.998,8.768
14-Jun-2021 18:56:25.998,9.451
14-Jun-2021 18:56:26.998,9.451
14-Jun-2021 18:56:27.998,10.669
14-Jun-2021 18:56:28.998,11.762
14-Jun-2021 18:56:29.998,13.877
14-Jun-2021 18:56:30.998,14.286
14-Jun-2021 18:56:31.998,14.286
14-Jun-2021 18:56:32.998,14.53
14-Jun-2021 18:56:33.998,14.795
14-Jun-2021 18:56:34.998,15.425
14-Jun-2021 18:56:35.998,15.425
14-Jun-2021 18:56:36.998,15.425
14-Jun-2021 18:56:37.998,15.695
14-Jun-2021 18:56:38.998,15.956
14-Jun-2021 18:56:39.998,16.699
14-Jun-2021 18:56:40.998,16.699
14-Jun-2021 18:56:41.998,15.986
14-Jun-2021 18:56:42.998,15.986
14-Jun-2021 18:56:43.998,15.82
14-Jun-2021 18:56:44.998,15.479
14-Jun-2021 18:56:45.998,15.479
14-Jun-2021 18:56:46.998,14.976
14-Jun-2021 18:56:47.998,13.849
14-Jun-2021 18:56:48.998,11.96
14-Jun-2021 18:56:49.998,9.772
14-Jun-2021 18:56:50.998,9.772
14-Jun-2021 18:56:51.998,9.618
14-Jun-2021 18:56:52.998,9.101
14-Jun-2021 18:56:53.998,8.544
14-Jun-2021 18:56:54.998,8.839
14-Jun-2021 18:56:55.998,9.337
14-Jun-2021 18:56:56.998,9.337
14-Jun-2021 18:56:57.998,10
14-Jun-2021 18:56:58.998,10.119
14-Jun-2021 18:56:59.998,9.946
14-Jun-2021 18:57:00.998,9.946
14-Jun-2021 18:57:01.997,9.665
14-Jun-2021 18:57:02.998,9.665
14-Jun-2021 18:57:03.998,10.173
14-Jun-2021 18:57:04.998,11.124
14-Jun-2021 18:57:05.998,11.947
14-Jun-2021 18:57:06.998,11.947
14-Jun-2021 18:57:07.998,12.268
14-Jun-2021 18:57:08.998,12.995
14-Jun-2021 18:57:09.998,14.371
14-Jun-2021 18:57:10.998,14.664
14-Jun-2021 18:57:11.997,14.664
14-Jun-2021 18:57:12.997,14.728
14-Jun-2021 18:57:13.997,14.758
14-Jun-2021 18:57:14.997,15.201
14-Jun-2021 18:57:15.997,15.376
14-Jun-2021 18:57:16.997,15.376
14-Jun-2021 18:57:17.997,15.376
14-Jun-2021 18:57:18.997,15.313
14-Jun-2021 18:57:19.997,14.426
14-Jun-2021 18:57:20.997,14.426
14-Jun-2021 18:57:21.997,14.426
14-Jun-2021 18:57:22.997,14.656
14-Jun-2021 18:57:23.997,14.71
14-Jun-2021 18:57:24.997,14.997
14-Jun-2021 18:57:25.997,14.997
14-Jun-2021 18:57:26.997,14.892
14-Jun-2021 18:57:27.997,14.892
14-Jun-2021 18:57:28.997,15.395
14-Jun-2021 18:57:30.000,16.066
14-Jun-2021 18:57:31.000,16.134
14-Jun-2021 18:57:32.000,16.134
14-Jun-2021 18:57:33.000,16.15
14-Jun-2021 18:57:34.000,16.774
14-Jun-2021 18:57:35.000,17.115
14-Jun-2021 18:57:36.000,17.207
14-Jun-2021 18:57:37.000,17.207
14-Jun-2021 18:57:38.000,17.59
14-Jun-2021 18:57:39.000,17.896
14-Jun-2021 18:57:40.000,17.792
14-Jun-2021 18:57:41.000,17.792
14-Jun-2021 18:57:42.000,17.777
14-Jun-2021 18:57:43.000,17.777
14-Jun-2021 18:57:44.000,17.777
14-Jun-2021 18:57:45.000,17.037
14-Jun-2021 18:57:46.000,17.037
14-Jun-2021 18:57:47.000,16.787
14-Jun-2021 18:57:48.000,16.727
14-Jun-2021 18:57:49.000,16.727
14-Jun-2021 18:57:50.000,16.523
14-Jun-2021 18:57:51.000,16.523
14-Jun-2021 18:57:52.000,15.529
14-Jun-2021 18:57:53.000,14.852
14-Jun-2021 18:57:54.000,14.453
14-Jun-2021 18:57:55.000,11.995
14-Jun-2021 18:57:56.000,11.995
14-Jun-2021 18:57:56.999,11.314
14-Jun-2021 18:57:57.999,11.107
14-Jun-2021 18:57:58.999,10.939
14-Jun-2021 18:57:59.999,8.909
14-Jun-2021 18:58:00.999,8.909
14-Jun-2021 18:58:01.999,8.909
14-Jun-2021 18:58:02.999,9.083
14-Jun-2021 18:58:03.999,9.919
14-Jun-2021 18:58:04.999,11.31
14-Jun-2021 18:58:05.999,11.31
14-Jun-2021 18:58:06.999,11.31
14-Jun-2021 18:58:07.999,11.789
14-Jun-2021 18:58:08.999,11.789
14-Jun-2021 18:58:09.999,11.529
14-Jun-2021 18:58:10.999,11.908
14-Jun-2021 18:58:11.999,11.529
14-Jun-2021 18:58:12.999,11.885
14-Jun-2021 18:58:13.999,11.885
14-Jun-2021 18:58:14.999,11.681
14-Jun-2021 18:58:15.999,11.681
14-Jun-2021 18:58:16.999,10.955
14-Jun-2021 18:58:17.999,10.467
14-Jun-2021 18:58:18.999,10.307
14-Jun-2021 18:58:19.999,10.048
14-Jun-2021 18:58:20.999,10.829
14-Jun-2021 18:58:21.999,10.829
14-Jun-2021 18:58:22.999,10.829
14-Jun-2021 18:58:23.999,11.25
14-Jun-2021 18:58:24.999,12.084
14-Jun-2021 18:58:25.999,12.131
14-Jun-2021 18:58:26.999,12.131
14-Jun-2021 18:58:27.999,12.131
14-Jun-2021 18:58:28.999,11.899
14-Jun-2021 18:58:29.999,10.873
14-Jun-2021 18:58:30.999,10.873
14-Jun-2021 18:58:31.999,10.873
14-Jun-2021 18:58:32.999,11.501
14-Jun-2021 18:58:33.999,11.501
14-Jun-2021 18:58:34.999,9.99
14-Jun-2021 18:58:35.999,9.99
14-Jun-2021 18:58:36.999,9.43
14-Jun-2021 18:58:37.999,9.345
14-Jun-2021 18:58:38.999,8.373
14-Jun-2021 18:58:39.999,5.079
14-Jun-2021 18:58:40.999,5.079
14-Jun-2021 18:58:41.999,4.545
14-Jun-2021 18:58:42.999,4.545
14-Jun-2021 18:58:43.999,5.915
14-Jun-2021 18:58:44.999,8.154
14-Jun-2021 18:58:45.999,8.716
14-Jun-2021 18:58:46.999,8.716
14-Jun-2021 18:58:47.999,8.986
14-Jun-2021 18:58:48.999,9.146
14-Jun-2021 18:58:49.999,9.435
14-Jun-2021 18:58:50.999,9.435
14-Jun-2021 18:58:51.999,9.179
14-Jun-2021 18:58:52.999,9.179
14-Jun-2021 18:58:53.999,9.806
14-Jun-2021 18:58:54.999,10.002
14-Jun-2021 18:58:55.999,10.002
14-Jun-2021 18:58:56.999,10.002
14-Jun-2021 18:58:57.999,10.867
14-Jun-2021 18:58:58.999,10.876
14-Jun-2021 18:58:59.999,11.045
14-Jun-2021 18:59:00.999,11.045
14-Jun-2021 18:59:01.999,11.045
14-Jun-2021 18:59:02.999,11.003
14-Jun-2021 18:59:03.999,11.128
14-Jun-2021 18:59:04.999,11.339
14-Jun-2021 18:59:05.999,11.339
14-Jun-2021 18:59:06.999,11.339
14-Jun-2021 18:59:07.999,12.034
14-Jun-2021 18:59:08.999,12.46
14-Jun-2021 18:59:09.999,12.605
14-Jun-2021 18:59:10.999,13.032
14-Jun-2021 18:59:11.999,13.032
14-Jun-2021 18:59:12.999,13.997
14-Jun-2021 18:59:13.999,14.023
14-Jun-2021 18:59:14.999,14.408
14-Jun-2021 18:59:15.999,14.729
14-Jun-2021 18:59:16.999,14.729
14-Jun-2021 18:59:17.999,14.754
14-Jun-2021 18:59:18.999,14.939
14-Jun-2021 18:59:19.999,15.23
14-Jun-2021 18:59:20.999,15.568
14-Jun-2021 18:59:21.999,15.568
14-Jun-2021 18:59:22.999,15.882
14-Jun-2021 18:59:23.999,15.907
14-Jun-2021 18:59:24.999,15.806
14-Jun-2021 18:59:25.999,15.806
14-Jun-2021 18:59:26.999,15.718
14-Jun-2021 18:59:27.999,15.718
14-Jun-2021 18:59:28.999,16.171
14-Jun-2021 18:59:29.999,16.228
14-Jun-2021 18:59:30.999,16.319
14-Jun-2021 18:59:31.999,16.319
14-Jun-2021 18:59:32.999,16.551
14-Jun-2021 18:59:33.999,16.883
14-Jun-2021 18:59:34.999,16.883
14-Jun-2021 18:59:35.999,16.833
14-Jun-2021 18:59:36.999,16.801
14-Jun-2021 18:59:37.999,16.801
14-Jun-2021 18:59:38.999,16.961
14-Jun-2021 18:59:39.999,16.986
14-Jun-2021 18:59:40.999,16.986
14-Jun-2021 18:59:41.999,16.986
14-Jun-2021 18:59:42.999,17.021
14-Jun-2021 18:59:43.999,17.24
14-Jun-2021 18:59:44.999,17.398
14-Jun-2021 18:59:45.999,17.398
14-Jun-2021 18:59:46.999,17.572
14-Jun-2021 18:59:47.999,17.578
14-Jun-2021 18:59:48.999,17.536
14-Jun-2021 18:59:49.999,17.58
14-Jun-2021 18:59:50.999,17.536
14-Jun-2021 18:59:51.999,16.933
14-Jun-2021 18:59:52.999,16.526
14-Jun-2021 18:59:53.999,16.023
14-Jun-2021 18:59:54.999,16.141
14-Jun-2021 18:59:55.998,16.023
14-Jun-2021 18:59:56.998,16.019
14-Jun-2021 18:59:57.998,16.019
14-Jun-2021 18:59:58.998,16.818
14-Jun-2021 18:59:59.998,16.874
14-Jun-2021 19:00:00.998,16.818
14-Jun-2021 19:00:01.998,16.67
14-Jun-2021 19:00:02.998,16.67
14-Jun-2021 19:00:03.998,17.218
14-Jun-2021 19:00:04.998,17.352
14-Jun-2021 19:00:05.998,17.352
14-Jun-2021 19:00:06.998,17.58
14-Jun-2021 19:00:07.998,17.58
14-Jun-2021 19:00:08.998,16.828
14-Jun-2021 19:00:09.998,16.828
14-Jun-2021 19:00:10.998,16.492
14-Jun-2021 19:00:11.998,16.393
14-Jun-2021 19:00:12.998,16.393
14-Jun-2021 19:00:13.998,16.27
14-Jun-2021 19:00:14.998,16.27
14-Jun-2021 19:00:15.998,16.183
14-Jun-2021 19:00:16.998,16.124
14-Jun-2021 19:00:17.998,16.124
14-Jun-2021 19:00:18.998,16.516
14-Jun-2021 19:00:19.998,16.589
14-Jun-2021 19:00:20.998,16.589
14-Jun-2021 19:00:21.998,17.428
14-Jun-2021 19:00:22.998,17.604
14-Jun-2021 19:00:23.998,17.955
14-Jun-2021 19:00:24.998,18.422
14-Jun-2021 19:00:25.997,18.315
14-Jun-2021 19:00:26.998,18.315
14-Jun-2021 19:00:27.998,18.237
14-Jun-2021 19:00:28.998,17.463
14-Jun-2021 19:00:29.998,17.463
14-Jun-2021 19:00:30.998,17.194
14-Jun-2021 19:00:31.998,17.052
14-Jun-2021 19:00:32.998,16.759
14-Jun-2021 19:00:33.998,16.631
14-Jun-2021 19:00:34.998,17.267
14-Jun-2021 19:00:35.998,17.267
14-Jun-2021 19:00:36.998,17.267
14-Jun-2021 19:00:37.998,16.828
14-Jun-2021 19:00:38.998,16.334
14-Jun-2021 19:00:39.998,16.334
14-Jun-2021 19:00:40.998,15.468
14-Jun-2021 19:00:41.998,15.159
14-Jun-2021 19:00:42.998,15.159
14-Jun-2021 19:00:43.998,15.339
14-Jun-2021 19:00:44.998,15.404
14-Jun-2021 19:00:45.998,15.388
14-Jun-2021 19:00:46.998,15.388
14-Jun-2021 19:00:47.998,15.191
14-Jun-2021 19:00:48.998,15.257
14-Jun-2021 19:00:49.998,15.257
14-Jun-2021 19:00:50.998,15.187
14-Jun-2021 19:00:51.998,15.12
14-Jun-2021 19:00:52.998,15.089
14-Jun-2021 19:00:53.998,14.907
14-Jun-2021 19:00:54.998,15.024
14-Jun-2021 19:00:55.998,15.024
14-Jun-2021 19:00:56.998,15.024
14-Jun-2021 19:00:57.998,14.973
14-Jun-2021 19:00:58.998,14.9
14-Jun-2021 19:00:59.998,14.926
14-Jun-2021 19:01:00.998,14.926
14-Jun-2021 19:01:01.998,15.011
14-Jun-2021 19:01:02.998,15.011
14-Jun-2021 19:01:03.998,13.366
14-Jun-2021 19:01:04.998,13.366
14-Jun-2021 19:01:05.998,11.829
14-Jun-2021 19:01:06.998,11.448
14-Jun-2021 19:01:07.998,11.448
14-Jun-2021 19:01:08.998,12.707
14-Jun-2021 19:01:09.998,12.876
14-Jun-2021 19:01:10.998,12.876
14-Jun-2021 19:01:11.998,13.443
14-Jun-2021 19:01:12.998,13.446
14-Jun-2021 19:01:13.998,13.481
14-Jun-2021 19:01:14.998,13.736
14-Jun-2021 19:01:15.998,13.736
14-Jun-2021 19:01:16.998,13.925
14-Jun-2021 19:01:17.998,13.925
14-Jun-2021 19:01:18.998,13.875
14-Jun-2021 19:01:19.998,13.875
14-Jun-2021 19:01:20.998,13.703
14-Jun-2021 19:01:21.998,13.703
14-Jun-2021 19:01:22.998,13.886
14-Jun-2021 19:01:23.998,13.258
14-Jun-2021 19:01:24.998,13.258
14-Jun-2021 19:01:25.998,12.542
14-Jun-2021 19:01:26.998,12.515
14-Jun-2021 19:01:27.998,12.542
14-Jun-2021 19:01:28.998,12.708
14-Jun-2021 19:01:29.998,12.819
14-Jun-2021 19:01:30.998,12.81
14-Jun-2021 19:01:31.998,12.81
14-Jun-2021 19:01:32.998,12.499
14-Jun-2021 19:01:33.998,11.278
14-Jun-2021 19:01:34.998,11.278
14-Jun-2021 19:01:35.998,11.008
14-Jun-2021 19:01:36.998,9.986
14-Jun-2021 19:01:37.998,9.654
14-Jun-2021 19:01:38.998,9.097
14-Jun-2021 19:01:39.998,9.097
14-Jun-2021 19:01:40.998,9.08
14-Jun-2021 19:01:41.998,9.08
14-Jun-2021 19:01:42.998,9.353
14-Jun-2021 19:01:43.998,9.478
14-Jun-2021 19:01:44.998,9.63
14-Jun-2021 19:01:45.998,9.63
14-Jun-2021 19:01:46.998,9.63
14-Jun-2021 19:01:47.998,9.199
14-Jun-2021 19:01:48.998,8.168
14-Jun-2021 19:01:49.998,8.168
14-Jun-2021 19:01:50.998,6.57
14-Jun-2021 19:01:51.998,3.777
14-Jun-2021 19:01:52.998,3.397
14-Jun-2021 19:01:53.998,3.111
14-Jun-2021 19:01:54.997,4.227
14-Jun-2021 19:01:55.998,4.227
14-Jun-2021 19:01:56.998,4.545
14-Jun-2021 19:01:57.998,5.709
14-Jun-2021 19:01:58.998,7.529
14-Jun-2021 19:01:59.998,8.166
14-Jun-2021 19:02:00.998,8.166
14-Jun-2021 19:02:01.998,9.655
14-Jun-2021 19:02:02.998,9.655
14-Jun-2021 19:02:03.998,9.41
14-Jun-2021 19:02:04.998,9.634
14-Jun-2021 19:02:05.998,9.626
14-Jun-2021 19:02:06.998,9.634
14-Jun-2021 19:02:07.998,9.781
14-Jun-2021 19:02:08.998,9.027
14-Jun-2021 19:02:09.998,9.027
14-Jun-2021 19:02:10.998,7.194
14-Jun-2021 19:02:11.998,3.529
14-Jun-2021 19:02:12.998,3.529
14-Jun-2021 19:02:13.998,5.401
14-Jun-2021 19:02:14.998,7.509
14-Jun-2021 19:02:15.998,7.509
14-Jun-2021 19:02:16.997,8.47
14-Jun-2021 19:02:17.997,9.648
14-Jun-2021 19:02:18.997,10.038
14-Jun-2021 19:02:19.997,10.212
14-Jun-2021 19:02:20.997,10.038
14-Jun-2021 19:02:21.997,10.212
14-Jun-2021 19:02:22.997,10.368
14-Jun-2021 19:02:23.997,10.463
14-Jun-2021 19:02:24.997,10.463
14-Jun-2021 19:02:25.997,10.46
14-Jun-2021 19:02:26.997,10.46
14-Jun-2021 19:02:27.997,10.791
14-Jun-2021 19:02:28.997,11.553
14-Jun-2021 19:02:29.997,11.823
14-Jun-2021 19:02:30.997,11.648
14-Jun-2021 19:02:31.997,11.796
14-Jun-2021 19:02:32.997,11.796
14-Jun-2021 19:02:33.997,11.516
14-Jun-2021 19:02:34.997,11.709
14-Jun-2021 19:02:35.997,11.709
14-Jun-2021 19:02:36.997,12.397
14-Jun-2021 19:02:37.997,12.534
14-Jun-2021 19:02:38.997,12.546
14-Jun-2021 19:02:39.997,12.546
14-Jun-2021 19:02:40.997,11.924
14-Jun-2021 19:02:41.997,11.12
14-Jun-2021 19:02:42.997,10.973
14-Jun-2021 19:02:43.997,9.861
14-Jun-2021 19:02:44.997,9.861
14-Jun-2021 19:02:45.997,9.406
14-Jun-2021 19:02:46.997,9.014
14-Jun-2021 19:02:47.997,8.828
14-Jun-2021 19:02:48.997,7.829
14-Jun-2021 19:02:49.997,7.829
14-Jun-2021 19:02:50.997,6.491
14-Jun-2021 19:02:51.997,5.818
14-Jun-2021 19:02:52.997,5.818
14-Jun-2021 19:02:53.997,7.007
14-Jun-2021 19:02:54.997,8.743
14-Jun-2021 19:02:55.997,8.743
14-Jun-2021 19:02:56.997,9.157
14-Jun-2021 19:02:57.997,9.211
14-Jun-2021 19:02:58.997,9.491
14-Jun-2021 19:02:59.997,9.548
14-Jun-2021 19:03:00.997,9.491
14-Jun-2021 19:03:01.997,9.308
14-Jun-2021 19:03:02.997,9.268
14-Jun-2021 19:03:03.997,9.212
14-Jun-2021 19:03:04.997,9.664
14-Jun-2021 19:03:05.997,9.664
14-Jun-2021 19:03:06.997,10.1
14-Jun-2021 19:03:07.997,10.382
14-Jun-2021 19:03:08.997,9.979
14-Jun-2021 19:03:09.997,9.979
14-Jun-2021 19:03:10.997,9.809
14-Jun-2021 19:03:11.997,9.354
14-Jun-2021 19:03:12.997,8.699
14-Jun-2021 19:03:13.997,6.352
14-Jun-2021 19:03:14.997,6.352
14-Jun-2021 19:03:15.997,5.171
14-Jun-2021 19:03:16.997,5.171
14-Jun-2021 19:03:17.997,5.432
14-Jun-2021 19:03:18.997,8.087262
14-Jun-2021 19:03:19.997,8.779
14-Jun-2021 19:03:20.997,8.722
14-Jun-2021 19:03:21.997,8.779
14-Jun-2021 19:03:22.997,9.08
14-Jun-2021 19:03:23.997,9.521
14-Jun-2021 19:03:24.997,9.521
14-Jun-2021 19:03:25.997,9.117
14-Jun-2021 19:03:26.997,8.59
14-Jun-2021 19:03:27.997,8.578
14-Jun-2021 19:03:28.997,6.154
14-Jun-2021 19:03:29.997,6.154
14-Jun-2021 19:03:30.997,6.154
14-Jun-2021 19:03:31.997,6.372
14-Jun-2021 19:03:32.997,6.842
14-Jun-2021 19:03:33.997,7.762
14-Jun-2021 19:03:34.997,8.138
14-Jun-2021 19:03:35.997,8.138
14-Jun-2021 19:03:36.997,8.811
14-Jun-2021 19:03:37.997,9.338
14-Jun-2021 19:03:38.997,10.731
14-Jun-2021 19:03:39.997,11.037
14-Jun-2021 19:03:40.997,11.037
14-Jun-2021 19:03:41.997,11.235
14-Jun-2021 19:03:42.997,11.618
14-Jun-2021 19:03:43.997,12.228
14-Jun-2021 19:03:44.997,12.336
14-Jun-2021 19:03:45.997,12.336
14-Jun-2021 19:03:46.997,12.384
14-Jun-2021 19:03:47.997,12.505
14-Jun-2021 19:03:48.997,12.834
14-Jun-2021 19:03:49.997,12.861
14-Jun-2021 19:03:50.997,12.861
14-Jun-2021 19:03:51.997,13.064
14-Jun-2021 19:03:52.997,13.064
14-Jun-2021 19:03:53.997,11.654
14-Jun-2021 19:03:54.997,11.654
14-Jun-2021 19:03:55.997,9.452
14-Jun-2021 19:03:56.997,8.101
14-Jun-2021 19:03:57.997,7.474
14-Jun-2021 19:03:58.997,7.339
14-Jun-2021 19:03:59.997,7.426
14-Jun-2021 19:04:00.997,7.426
14-Jun-2021 19:04:01.997,7.748
14-Jun-2021 19:04:02.997,8.602
14-Jun-2021 19:04:03.997,9.521
14-Jun-2021 19:04:04.998,10.434
14-Jun-2021 19:04:05.998,10.434
14-Jun-2021 19:04:06.998,11.312
14-Jun-2021 19:04:07.998,12.921
14-Jun-2021 19:04:08.998,13.095
14-Jun-2021 19:04:09.998,12.921
14-Jun-2021 19:04:10.998,12.659
14-Jun-2021 19:04:11.998,12.525
14-Jun-2021 19:04:12.998,12.773
14-Jun-2021 19:04:13.998,13.16
14-Jun-2021 19:04:14.998,13.16
14-Jun-2021 19:04:15.998,13.16
14-Jun-2021 19:04:16.998,12.943
14-Jun-2021 19:04:17.998,13.147
14-Jun-2021 19:04:18.998,13.147
14-Jun-2021 19:04:19.998,12.858
14-Jun-2021 19:04:20.998,12.858
14-Jun-2021 19:04:21.998,12.919
14-Jun-2021 19:04:22.998,13
14-Jun-2021 19:04:23.998,13.017
14-Jun-2021 19:04:24.998,13.017
14-Jun-2021 19:04:25.998,13.128
14-Jun-2021 19:04:26.998,13.468
14-Jun-2021 19:04:27.998,13.541
14-Jun-2021 19:04:28.998,13.541
14-Jun-2021 19:04:29.998,13.205
14-Jun-2021 19:04:30.998,13.205
14-Jun-2021 19:04:31.998,13.327
14-Jun-2021 19:04:32.998,13.411
14-Jun-2021 19:04:33.998,13.518
14-Jun-2021 19:04:34.998,13.518
14-Jun-2021 19:04:36.000,13.692
14-Jun-2021 19:04:37.000,13.787
14-Jun-2021 19:04:38.000,13.787
14-Jun-2021 19:04:39.000,13.787
14-Jun-2021 19:04:40.000,13.816
14-Jun-2021 19:04:41.000,13.816
14-Jun-2021 19:04:42.000,13.784
14-Jun-2021 19:04:43.000,13.926
14-Jun-2021 19:04:44.000,13.857
14-Jun-2021 19:04:45.000,13.92
14-Jun-2021 19:04:46.000,13.92
14-Jun-2021 19:04:47.000,13.728
14-Jun-2021 19:04:48.000,13.728
14-Jun-2021 19:04:49.000,13.513
14-Jun-2021 19:04:50.000,13.431
14-Jun-2021 19:04:51.000,13.295
14-Jun-2021 19:04:52.000,13.185
14-Jun-2021 19:04:53.000,13.185
14-Jun-2021 19:04:54.000,13.099
14-Jun-2021 19:04:55.000,12.567
14-Jun-2021 19:04:56.000,12.177
14-Jun-2021 19:04:57.000,11.65
14-Jun-2021 19:04:58.000,11.65
14-Jun-2021 19:04:59.000,10.941
14-Jun-2021 19:05:00.000,10.383
14-Jun-2021 19:05:01.000,9.667
14-Jun-2021 19:05:02.000,8.771
14-Jun-2021 19:05:03.000,8.771
14-Jun-2021 19:05:04.000,8.266
14-Jun-2021 19:05:05.000,8.137
14-Jun-2021 19:05:06.000,7.511
14-Jun-2021 19:05:07.000,4.966
14-Jun-2021 19:05:08.000,4.966
14-Jun-2021 19:05:09.000,4.128
14-Jun-2021 19:05:09.999,3.92
14-Jun-2021 19:05:11.000,3.828
14-Jun-2021 19:05:12.000,2.543
14-Jun-2021 19:05:13.000,2.543
14-Jun-2021 19:05:14.000,2.428
14-Jun-2021 19:05:15.000,2.318
14-Jun-2021 19:05:16.000,0.247
14-Jun-2021 19:05:17.000,0.14
14-Jun-2021 19:05:18.000,0.106
14-Jun-2021 19:05:19.000,0.22
14-Jun-2021 19:05:20.000,0.22
14-Jun-2021 19:05:21.000,0.327
14-Jun-2021 19:05:22.000,0.383
14-Jun-2021 19:05:23.000,0.383
14-Jun-2021 19:05:24.000,0.189
14-Jun-2021 19:05:25.000,0.13
14-Jun-2021 19:05:26.000,0.036
14-Jun-2021 19:05:27.000,0.26
14-Jun-2021 19:05:28.000,0.446
14-Jun-2021 19:05:29.000,0.369
14-Jun-2021 19:05:30.000,0.18
14-Jun-2021 19:05:31.000,0.089
14-Jun-2021 19:05:32.000,0.309
14-Jun-2021 19:05:33.000,0.409
14-Jun-2021 19:05:34.000,0
14-Jun-2021 19:05:35.000,0
14-Jun-2021 19:05:36.000,0
14-Jun-2021 19:05:37.000,0
14-Jun-2021 19:05:38.000,0
14-Jun-2021 19:05:39.000,0
14-Jun-2021 19:05:40.000,0
14-Jun-2021 19:05:41.000,0
14-Jun-2021 19:05:42.000,0
14-Jun-2021 19:05:43.000,0
14-Jun-2021 19:05:44.000,0
14-Jun-2021 19:05:45.000,0
14-Jun-2021 19:05:46.000,0
14-Jun-2021 19:05:47.000,0
14-Jun-2021 19:05:48.000,0
14-Jun-2021 19:05:49.000,0
14-Jun-2021 19:05:50.000,0
14-Jun-2021 19:05:51.000,0
14-Jun-2021 19:05:52.000,0
14-Jun-2021 19:05:53.000,0
14-Jun-2021 19:05:54.000,0
14-Jun-2021 19:05:55.000,0
14-Jun-2021 19:05:56.000,0
14-Jun-2021 19:05:57.000,0
14-Jun-2021 19:05:58.000,0
14-Jun-2021 19:05:59.000,0
14-Jun-2021 19:06:00.000,0
14-Jun-2021 19:06:01.000,0
14-Jun-2021 19:06:02.000,0
14-Jun-2021 19:06:03.000,0
14-Jun-2021 19:06:04.000,0
14-Jun-2021 19:06:05.000,0
14-Jun-2021 19:06:06.000,0
14-Jun-2021 19:06:07.000,0
14-Jun-2021 19:06:08.000,0
14-Jun-2021 19:06:09.000,0
14-Jun-2021 19:06:10.000,0.043
14-Jun-2021 19:06:11.000,0.261
14-Jun-2021 19:06:12.000,3.327
14-Jun-2021 19:06:12.999,4.242
14-Jun-2021 19:06:13.999,4.242
14-Jun-2021 19:06:14.999,4.415
14-Jun-2021 19:06:15.999,4.415
14-Jun-2021 19:06:16.999,3.851
14-Jun-2021 19:06:17.999,4.807
14-Jun-2021 19:06:18.999,4.807
14-Jun-2021 19:06:19.999,4.912
14-Jun-2021 19:06:20.999,6.08
14-Jun-2021 19:06:21.999,7.835
14-Jun-2021 19:06:22.999,8.765
14-Jun-2021 19:06:23.999,8.765
14-Jun-2021 19:06:24.999,9.531
14-Jun-2021 19:06:25.999,9.648
14-Jun-2021 19:06:26.999,10.865
14-Jun-2021 19:06:27.999,10.868
14-Jun-2021 19:06:28.999,10.868
14-Jun-2021 19:06:29.999,11.106
14-Jun-2021 19:06:30.999,11.109
14-Jun-2021 19:06:31.999,11.493
14-Jun-2021 19:06:32.999,11.582
14-Jun-2021 19:06:33.999,11.582
14-Jun-2021 19:06:34.999,11.911
14-Jun-2021 19:06:35.999,12.053
14-Jun-2021 19:06:36.999,12.61
14-Jun-2021 19:06:37.999,12.864
14-Jun-2021 19:06:38.999,12.864
14-Jun-2021 19:06:39.999,13.153
14-Jun-2021 19:06:40.999,13.311
14-Jun-2021 19:06:41.999,13.294
14-Jun-2021 19:06:42.999,13.294
14-Jun-2021 19:06:43.999,12.969
14-Jun-2021 19:06:44.999,12.768
14-Jun-2021 19:06:45.999,12.723
14-Jun-2021 19:06:46.999,12.373
14-Jun-2021 19:06:47.999,12.373
14-Jun-2021 19:06:48.999,12.195
14-Jun-2021 19:06:49.999,11.757
14-Jun-2021 19:06:50.999,10.661
14-Jun-2021 19:06:51.999,8.71
14-Jun-2021 19:06:52.999,8.71
14-Jun-2021 19:06:53.999,7.09
14-Jun-2021 19:06:54.999,5.916
14-Jun-2021 19:06:55.999,5.914
14-Jun-2021 19:06:56.999,5.568
14-Jun-2021 19:06:57.999,6.209
14-Jun-2021 19:06:58.999,6.209
14-Jun-2021 19:06:59.999,6.96
14-Jun-2021 19:07:00.999,7.135
14-Jun-2021 19:07:01.999,7.614
14-Jun-2021 19:07:02.999,8.825
14-Jun-2021 19:07:03.999,7.85
14-Jun-2021 19:07:04.999,7.85
14-Jun-2021 19:07:05.999,7.768
14-Jun-2021 19:07:06.999,9.376
14-Jun-2021 19:07:07.999,9.8
14-Jun-2021 19:07:08.999,9.8
14-Jun-2021 19:07:09.999,10.014
14-Jun-2021 19:07:10.999,11.172
14-Jun-2021 19:07:11.999,13.39
14-Jun-2021 19:07:12.999,13.793
14-Jun-2021 19:07:13.999,13.793
14-Jun-2021 19:07:14.999,13.965
14-Jun-2021 19:07:15.999,14.099
14-Jun-2021 19:07:16.999,13.93
14-Jun-2021 19:07:17.999,13.93
14-Jun-2021 19:07:18.999,13.93
14-Jun-2021 19:07:19.999,13.98
14-Jun-2021 19:07:20.999,14.516
14-Jun-2021 19:07:21.999,15.16
14-Jun-2021 19:07:22.999,15.16
14-Jun-2021 19:07:23.999,15.16
14-Jun-2021 19:07:24.999,15.338
14-Jun-2021 19:07:25.999,15.569
14-Jun-2021 19:07:26.999,16.213
14-Jun-2021 19:07:27.999,16.275
14-Jun-2021 19:07:28.999,16.275
14-Jun-2021 19:07:29.999,16.535
14-Jun-2021 19:07:30.999,16.583
14-Jun-2021 19:07:31.999,17.452
14-Jun-2021 19:07:32.999,18.05
14-Jun-2021 19:07:33.999,18.05
14-Jun-2021 19:07:34.999,18.25
14-Jun-2021 19:07:35.999,18.25
14-Jun-2021 19:07:36.999,17.834
14-Jun-2021 19:07:37.999,17.834
14-Jun-2021 19:07:38.999,17.801
14-Jun-2021 19:07:39.999,17.707
14-Jun-2021 19:07:40.999,17.707
14-Jun-2021 19:07:41.999,17.963
14-Jun-2021 19:07:42.999,17.963
14-Jun-2021 19:07:43.999,17.607
14-Jun-2021 19:07:44.999,17.607
14-Jun-2021 19:07:45.999,17.609
14-Jun-2021 19:07:46.999,17.528
14-Jun-2021 19:07:47.999,17.955
14-Jun-2021 19:07:48.999,17.747
14-Jun-2021 19:07:49.999,17.762
14-Jun-2021 19:07:50.999,17.762
14-Jun-2021 19:07:51.999,18.336
14-Jun-2021 19:07:52.999,18.539
14-Jun-2021 19:07:53.999,18.336
14-Jun-2021 19:07:54.999,18.246
14-Jun-2021 19:07:55.999,18.132
14-Jun-2021 19:07:56.999,18.351
14-Jun-2021 19:07:57.999,18.392
14-Jun-2021 19:07:58.999,18.351
14-Jun-2021 19:07:59.999,18.181
14-Jun-2021 19:08:00.999,17.933
14-Jun-2021 19:08:01.999,17.947
14-Jun-2021 19:08:02.999,18.34
14-Jun-2021 19:08:03.999,18.217
14-Jun-2021 19:08:04.999,18.217
14-Jun-2021 19:08:05.999,18.075
14-Jun-2021 19:08:06.999,17.965
14-Jun-2021 19:08:07.999,17.965
14-Jun-2021 19:08:08.999,17.965
14-Jun-2021 19:08:09.999,18.002
14-Jun-2021 19:08:10.999,18.002
14-Jun-2021 19:08:11.999,17.702
14-Jun-2021 19:08:12.999,17.96
14-Jun-2021 19:08:13.999,17.96
14-Jun-2021 19:08:14.999,17.96
14-Jun-2021 19:08:15.999,17.939
14-Jun-2021 19:08:16.999,18.13
14-Jun-2021 19:08:17.999,18.13
14-Jun-2021 19:08:18.999,18.024
14-Jun-2021 19:08:19.999,18.024
14-Jun-2021 19:08:20.999,18.024
14-Jun-2021 19:08:21.999,16.867
14-Jun-2021 19:08:22.999,16.867
14-Jun-2021 19:08:23.999,16.618
14-Jun-2021 19:08:24.999,16.142
14-Jun-2021 19:08:25.999,15.855
14-Jun-2021 19:08:26.999,15.329
14-Jun-2021 19:08:27.998,15.329
14-Jun-2021 19:08:28.998,15.329
14-Jun-2021 19:08:29.998,15.568
14-Jun-2021 19:08:30.998,16.436
14-Jun-2021 19:08:31.998,16.989
14-Jun-2021 19:08:32.998,16.989
14-Jun-2021 19:08:33.998,16.833
14-Jun-2021 19:08:34.998,16.548
14-Jun-2021 19:08:35.998,16.548
14-Jun-2021 19:08:36.998,16.722
14-Jun-2021 19:08:37.998,16.722
14-Jun-2021 19:08:38.998,16.722
14-Jun-2021 19:08:39.998,16.687
14-Jun-2021 19:08:40.998,16.739
14-Jun-2021 19:08:41.998,16.73
14-Jun-2021 19:08:42.997,16.73
14-Jun-2021 19:08:43.998,16.73
14-Jun-2021 19:08:44.998,16.735
14-Jun-2021 19:08:45.998,16.764
14-Jun-2021 19:08:46.998,17.255
14-Jun-2021 19:08:47.998,17.255
14-Jun-2021 19:08:48.998,17.224
14-Jun-2021 19:08:49.998,17.042
14-Jun-2021 19:08:50.998,16.993
14-Jun-2021 19:08:51.998,17.302
14-Jun-2021 19:08:52.998,17.758
14-Jun-2021 19:08:53.998,17.302
14-Jun-2021 19:08:54.998,17.367
14-Jun-2021 19:08:55.998,17.367
14-Jun-2021 19:08:56.998,17.134
14-Jun-2021 19:08:57.998,17.552
14-Jun-2021 19:08:58.998,17.444
14-Jun-2021 19:08:59.998,17.444
14-Jun-2021 19:09:00.998,17.444
14-Jun-2021 19:09:01.998,17.22
14-Jun-2021 19:09:02.998,17.595
14-Jun-2021 19:09:03.998,17.348
14-Jun-2021 19:09:04.998,17.348
14-Jun-2021 19:09:05.998,17.286
14-Jun-2021 19:09:06.998,16.642
14-Jun-2021 19:09:07.998,16.927
14-Jun-2021 19:09:08.998,16.925
14-Jun-2021 19:09:09.998,16.927
14-Jun-2021 19:09:10.998,16.95
14-Jun-2021 19:09:11.998,17.576
14-Jun-2021 19:09:12.998,17.675
14-Jun-2021 19:09:13.998,17.576
14-Jun-2021 19:09:14.998,17.616
14-Jun-2021 19:09:15.998,17.495
14-Jun-2021 19:09:16.998,17.358
14-Jun-2021 19:09:17.998,17.38
14-Jun-2021 19:09:18.998,17.38
14-Jun-2021 19:09:19.998,17.905
14-Jun-2021 19:09:20.998,17.905
14-Jun-2021 19:09:21.998,17.891
14-Jun-2021 19:09:22.998,17.891
14-Jun-2021 19:09:23.998,17.802
14-Jun-2021 19:09:24.998,17.775
14-Jun-2021 19:09:25.998,17.745
14-Jun-2021 19:09:26.998,17.916
14-Jun-2021 19:09:27.998,17.916
14-Jun-2021 19:09:28.998,17.611
14-Jun-2021 19:09:29.998,17.553
14-Jun-2021 19:09:30.998,17.546
14-Jun-2021 19:09:31.998,17.556
14-Jun-2021 19:09:32.998,17.752
14-Jun-2021 19:09:33.998,17.752
14-Jun-2021 19:09:34.998,17.812
14-Jun-2021 19:09:35.998,17.812
14-Jun-2021 19:09:36.998,17.589
14-Jun-2021 19:09:37.998,17.589
14-Jun-2021 19:09:38.998,17.589
14-Jun-2021 19:09:39.998,17.703
14-Jun-2021 19:09:40.998,17.709
14-Jun-2021 19:09:41.998,17.94
14-Jun-2021 19:09:42.998,17.94
14-Jun-2021 19:09:43.998,17.886
14-Jun-2021 19:09:44.998,17.704
14-Jun-2021 19:09:45.998,17.622
14-Jun-2021 19:09:46.998,17.51
14-Jun-2021 19:09:47.998,17.947
14-Jun-2021 19:09:48.998,17.622
14-Jun-2021 19:09:49.998,17.622
14-Jun-2021 19:09:50.998,17.622
14-Jun-2021 19:09:51.998,17.928
14-Jun-2021 19:09:52.998,17.958
14-Jun-2021 19:09:53.998,17.928
14-Jun-2021 19:09:54.998,17.9
14-Jun-2021 19:09:55.998,17.9
14-Jun-2021 19:09:56.998,17.853
14-Jun-2021 19:09:57.998,17.853
14-Jun-2021 19:09:58.998,17.853
14-Jun-2021 19:09:59.998,17.918
14-Jun-2021 19:10:00.998,18.061
14-Jun-2021 19:10:01.998,17.93
14-Jun-2021 19:10:02.998,17.93
14-Jun-2021 19:10:03.998,17.859
14-Jun-2021 19:10:04.998,17.718
14-Jun-2021 19:10:05.998,17.647
14-Jun-2021 19:10:06.998,17.301
14-Jun-2021 19:10:07.998,17.301
14-Jun-2021 19:10:08.998,14.217
14-Jun-2021 19:10:09.998,10.073
14-Jun-2021 19:10:10.998,5.116
14-Jun-2021 19:10:11.997,3.943
14-Jun-2021 19:10:12.998,4.678
14-Jun-2021 19:10:13.998,4.678
14-Jun-2021 19:10:14.998,5.6
14-Jun-2021 19:10:15.998,6.69
14-Jun-2021 19:10:16.998,8.277
14-Jun-2021 19:10:17.998,9.222
14-Jun-2021 19:10:18.998,9.222
14-Jun-2021 19:10:19.998,10.241
14-Jun-2021 19:10:20.998,10.599
14-Jun-2021 19:10:21.998,12.438
14-Jun-2021 19:10:22.998,13.149
14-Jun-2021 19:10:23.998,13.149
14-Jun-2021 19:10:24.998,13.528
14-Jun-2021 19:10:25.998,14.289
14-Jun-2021 19:10:26.998,15.147
14-Jun-2021 19:10:27.998,15.388
14-Jun-2021 19:10:28.998,15.388
14-Jun-2021 19:10:29.998,16.092
14-Jun-2021 19:10:30.998,17.09
14-Jun-2021 19:10:31.998,17.201
14-Jun-2021 19:10:32.998,17.767
14-Jun-2021 19:10:33.998,17.605
14-Jun-2021 19:10:34.998,17.605
14-Jun-2021 19:10:35.998,17.605
14-Jun-2021 19:10:36.998,17.724
14-Jun-2021 19:10:37.998,17.827
14-Jun-2021 19:10:38.998,17.724
14-Jun-2021 19:10:39.998,17.641
14-Jun-2021 19:10:40.998,17.524
14-Jun-2021 19:10:41.998,16.916
14-Jun-2021 19:10:42.997,17.465
14-Jun-2021 19:10:43.997,17.252
14-Jun-2021 19:10:44.997,17.252
14-Jun-2021 19:10:45.997,16.314
14-Jun-2021 19:10:46.997,16.414
14-Jun-2021 19:10:47.996,16.414
14-Jun-2021 19:10:48.997,16
14-Jun-2021 19:10:49.997,15.824
14-Jun-2021 19:10:50.997,15.569
14-Jun-2021 19:10:51.997,15.733
14-Jun-2021 19:10:52.997,15.733
14-Jun-2021 19:10:53.997,15.733
14-Jun-2021 19:10:54.997,15.866
14-Jun-2021 19:10:55.997,15.866
14-Jun-2021 19:10:56.997,15.875
14-Jun-2021 19:10:57.997,15.875
14-Jun-2021 19:10:58.997,15.869
14-Jun-2021 19:10:59.997,15.776
14-Jun-2021 19:11:00.997,15.776
14-Jun-2021 19:11:01.997,16.144
14-Jun-2021 19:11:02.997,16.24
14-Jun-2021 19:11:03.997,16.144
14-Jun-2021 19:11:04.997,16.043
14-Jun-2021 19:11:05.997,16.043
14-Jun-2021 19:11:06.997,15.515
14-Jun-2021 19:11:07.997,15.515
14-Jun-2021 19:11:08.997,15.515
14-Jun-2021 19:11:09.997,15.704
14-Jun-2021 19:11:10.997,16.154
14-Jun-2021 19:11:11.997,15.122
14-Jun-2021 19:11:12.997,15.439
14-Jun-2021 19:11:13.997,15.122
14-Jun-2021 19:11:14.997,15.117
14-Jun-2021 19:11:15.997,14.448
14-Jun-2021 19:11:16.997,13.494
14-Jun-2021 19:11:17.997,13.494
14-Jun-2021 19:11:18.997,13.435
14-Jun-2021 19:11:19.997,13.435
14-Jun-2021 19:11:20.997,13.662
14-Jun-2021 19:11:21.997,14.315
14-Jun-2021 19:11:22.997,14.409
14-Jun-2021 19:11:23.997,14.315
14-Jun-2021 19:11:24.997,14.06
14-Jun-2021 19:11:25.997,13.747
14-Jun-2021 19:11:26.997,13.635
14-Jun-2021 19:11:27.997,13.635
14-Jun-2021 19:11:28.997,13.635
14-Jun-2021 19:11:29.997,13.561
14-Jun-2021 19:11:30.997,13.698
14-Jun-2021 19:11:31.997,13.444
14-Jun-2021 19:11:32.997,13.444
14-Jun-2021 19:11:33.997,13.389
14-Jun-2021 19:11:34.997,13.389
14-Jun-2021 19:11:35.997,13.389
14-Jun-2021 19:11:36.997,12.632
14-Jun-2021 19:11:37.997,12.764
14-Jun-2021 19:11:38.997,12.764
14-Jun-2021 19:11:39.997,12.764
14-Jun-2021 19:11:40.997,12.808
14-Jun-2021 19:11:42.000,12.951
14-Jun-2021 19:11:43.000,13.157
14-Jun-2021 19:11:44.000,13.157
14-Jun-2021 19:11:45.000,13.157
14-Jun-2021 19:11:46.000,13.184
14-Jun-2021 19:11:47.000,12.37
14-Jun-2021 19:11:48.000,12.501
14-Jun-2021 19:11:49.000,12.501
14-Jun-2021 19:11:50.000,12.906
14-Jun-2021 19:11:51.000,12.996
14-Jun-2021 19:11:52.000,12.838
14-Jun-2021 19:11:53.000,12.838
14-Jun-2021 19:11:54.000,12.838
14-Jun-2021 19:11:55.000,13.068
14-Jun-2021 19:11:56.000,13.068
14-Jun-2021 19:11:57.000,12.525
14-Jun-2021 19:11:58.000,12.817
14-Jun-2021 19:11:59.000,12.551
14-Jun-2021 19:12:00.000,12.551
14-Jun-2021 19:12:01.000,11.985
14-Jun-2021 19:12:02.000,12.348
14-Jun-2021 19:12:03.000,12.348
14-Jun-2021 19:12:04.000,12.535
14-Jun-2021 19:12:05.000,12.535
14-Jun-2021 19:12:06.000,11.913
14-Jun-2021 19:12:07.000,11.913
14-Jun-2021 19:12:08.000,11.883
14-Jun-2021 19:12:09.000,11.883
14-Jun-2021 19:12:10.000,11.985
14-Jun-2021 19:12:11.000,12.6
14-Jun-2021 19:12:12.000,12.6
14-Jun-2021 19:12:13.000,12.375
14-Jun-2021 19:12:14.000,12.375
14-Jun-2021 19:12:15.000,12.747
14-Jun-2021 19:12:16.000,12.504
14-Jun-2021 19:12:17.000,12.961
14-Jun-2021 19:12:18.000,12.961
14-Jun-2021 19:12:19.000,12.993
14-Jun-2021 19:12:20.000,12.993
14-Jun-2021 19:12:21.000,12.11
14-Jun-2021 19:12:22.000,12.11
14-Jun-2021 19:12:23.000,10.747
14-Jun-2021 19:12:24.000,9.169
14-Jun-2021 19:12:25.000,7.384
14-Jun-2021 19:12:26.000,4.962
14-Jun-2021 19:12:27.000,4.962
14-Jun-2021 19:12:28.000,4.212
14-Jun-2021 19:12:29.000,2.733
14-Jun-2021 19:12:30.000,2.593
14-Jun-2021 19:12:31.000,1.573
14-Jun-2021 19:12:32.000,1.573
14-Jun-2021 19:12:33.000,1.092
14-Jun-2021 19:12:34.000,0.222
14-Jun-2021 19:12:35.000,0.218
14-Jun-2021 19:12:36.000,0.161
14-Jun-2021 19:12:37.000,0.184
14-Jun-2021 19:12:38.000,0.143
14-Jun-2021 19:12:39.000,0.084
14-Jun-2021 19:12:39.999,0.219
14-Jun-2021 19:12:40.999,0.159
14-Jun-2021 19:12:41.999,0.173
14-Jun-2021 19:12:42.999,0.204
14-Jun-2021 19:12:43.999,0.204
14-Jun-2021 19:12:44.999,0.272
14-Jun-2021 19:12:45.999,0.142
14-Jun-2021 19:12:46.999,0.278
14-Jun-2021 19:12:47.999,0.093
14-Jun-2021 19:12:48.999,0
14-Jun-2021 19:12:49.999,0
14-Jun-2021 19:12:50.999,0
14-Jun-2021 19:12:51.999,0
14-Jun-2021 19:12:52.999,0
14-Jun-2021 19:12:53.999,0
14-Jun-2021 19:12:54.999,0
14-Jun-2021 19:12:55.999,0
14-Jun-2021 19:12:56.999,0
14-Jun-2021 19:12:57.999,0.028
14-Jun-2021 19:12:58.999,0.522
14-Jun-2021 19:12:59.999,1.985
14-Jun-2021 19:13:00.999,4.542
14-Jun-2021 19:13:01.999,4.736
14-Jun-2021 19:13:02.999,4.736
14-Jun-2021 19:13:03.999,5.906
14-Jun-2021 19:13:04.999,7.311
14-Jun-2021 19:13:05.999,9.599
14-Jun-2021 19:13:06.999,9.799
14-Jun-2021 19:13:07.999,9.799
14-Jun-2021 19:13:08.999,10.044
14-Jun-2021 19:13:09.999,10.22
14-Jun-2021 19:13:10.999,11.876
14-Jun-2021 19:13:11.999,11.905
14-Jun-2021 19:13:12.999,11.905
14-Jun-2021 19:13:13.999,11.976
14-Jun-2021 19:13:14.999,12.31
14-Jun-2021 19:13:15.999,12.548
14-Jun-2021 19:13:16.999,12.577
14-Jun-2021 19:13:17.999,12.577
14-Jun-2021 19:13:18.999,12.997
14-Jun-2021 19:13:19.999,12.997
14-Jun-2021 19:13:20.999,12.4
14-Jun-2021 19:13:21.999,12.4
14-Jun-2021 19:13:22.999,12.4
14-Jun-2021 19:13:23.999,12.111
14-Jun-2021 19:13:24.999,11.753
14-Jun-2021 19:13:25.999,11.163
14-Jun-2021 19:13:26.999,11.163
14-Jun-2021 19:13:27.999,10.629
14-Jun-2021 19:13:28.999,10.543
14-Jun-2021 19:13:29.999,9.437
14-Jun-2021 19:13:30.999,4.983
14-Jun-2021 19:13:31.999,4.983
14-Jun-2021 19:13:32.999,2.948
14-Jun-2021 19:13:33.999,2.042
14-Jun-2021 19:13:34.999,1.337
14-Jun-2021 19:13:35.999,0.634
14-Jun-2021 19:13:36.999,2.892
14-Jun-2021 19:13:37.999,2.892
14-Jun-2021 19:13:38.999,4.141
14-Jun-2021 19:13:39.999,4.423
14-Jun-2021 19:13:40.999,5.069
14-Jun-2021 19:13:41.999,5.39
14-Jun-2021 19:13:42.999,5.39
14-Jun-2021 19:13:43.999,5.39
14-Jun-2021 19:13:44.999,5.576
14-Jun-2021 19:13:45.999,6.186
14-Jun-2021 19:13:46.999,6.186
14-Jun-2021 19:13:47.999,6.116
14-Jun-2021 19:13:48.999,6.116
14-Jun-2021 19:13:49.999,5.968
14-Jun-2021 19:13:50.999,5.576
14-Jun-2021 19:13:51.999,5.576
14-Jun-2021 19:13:52.999,5.351
14-Jun-2021 19:13:53.999,4.443
14-Jun-2021 19:13:54.999,4.388
14-Jun-2021 19:13:55.999,3.683
14-Jun-2021 19:13:56.999,3.683
14-Jun-2021 19:13:57.999,3.046
14-Jun-2021 19:13:58.999,2.052
14-Jun-2021 19:13:59.999,1.392
14-Jun-2021 19:14:00.999,0.988
14-Jun-2021 19:14:01.999,1.203
14-Jun-2021 19:14:02.998,1.203
14-Jun-2021 19:14:03.999,1.253
14-Jun-2021 19:14:04.999,1.253
14-Jun-2021 19:14:05.999,0.525
14-Jun-2021 19:14:06.999,0.525
14-Jun-2021 19:14:07.999,0.019
14-Jun-2021 19:14:08.999,0.414
14-Jun-2021 19:14:09.999,0.016
14-Jun-2021 19:14:10.999,0.572
14-Jun-2021 19:14:11.999,0.198
14-Jun-2021 19:14:12.999,0.4
